user_id,sku,rating
U0001,IPHONE_16_256,5
U0001,SAMSUNG_S24,3
U0001,DELL_XPS_13,5
U0001,MACBOOK_AIR_M2,5
U0002,IPHONE_15_128,2
U0002,AIRPODS_PRO,1
U0003,IPHONE_15_256,3
U0003,SAMSUNG_S24,1
U0003,MACBOOK_AIR_M2,1
U0003,DELL_XPS_13,1
U0003,IPHONE_15_128,1
U0004,SAMSUNG_S24,4
U0004,MACBOOK_AIR_M2,1
U0004,IPHONE_16_256,5
U0005,ONEPLUS_13,5
U0005,IPHONE_16_256,4
U0005,DELL_XPS_13,3
U0006,IPHONE_16_128,2
U0006,ONEPLUS_13,4
U0006,IPHONE_15_256,4
U0006,IPHONE_16_256,3
U0006,DELL_XPS_13,3
U0007,SAMSUNG_S24,4
U0007,MACBOOK_AIR_M2,4
U0007,AIRPODS_PRO,4
U0007,IPHONE_15_128,4
U0008,SAMSUNG_S24,3
U0008,AIRPODS_PRO,3
U0008,ONEPLUS_13,2
U0008,IPHONE_15_256,3
U0008,IPHONE_15_128,3
U0009,MACBOOK_AIR_M2,3
U0009,IPHONE_15_256,1
U0009,DELL_XPS_13,1
U0009,IPHONE_16_256,5
U0009,IPHONE_15_128,2
U0010,MACBOOK_AIR_M2,4
U0010,SONY_HEADPHONES,3
U0010,IPHONE_15_256,5
U0010,SAMSUNG_S24,2
U0011,IPHONE_16_128,2
U0011,AIRPODS_PRO,5
U0012,IPHONE_15_256,4
U0012,SAMSUNG_S24,3
U0012,ONEPLUS_13,3
U0013,MACBOOK_AIR_M2,1
U0013,IPHONE_16_128,3
U0013,IPHONE_15_128,1
U0013,IPHONE_15_256,2
U0013,SONY_HEADPHONES,5
U0014,DELL_XPS_13,4
U0014,IPHONE_16_256,5
U0014,IPHONE_15_256,2
U0015,DELL_XPS_13,5
U0015,IPHONE_15_128,5
U0015,IPHONE_15_256,5
U0015,SAMSUNG_S24,5
U0015,IPHONE_16_256,4
U0016,SONY_HEADPHONES,1
U0016,DELL_XPS_13,3
U0017,IPHONE_15_128,2
U0017,AIRPODS_PRO,4
U0017,DELL_XPS_13,3
U0017,IPHONE_15_256,1
U0017,SONY_HEADPHONES,4
U0018,IPHONE_16_128,5
U0018,DELL_XPS_13,5
U0018,IPHONE_15_256,2
U0018,MACBOOK_AIR_M2,4
U0019,MACBOOK_AIR_M2,4
U0019,IPHONE_15_128,5
U0019,IPHONE_16_128,2
U0020,IPHONE_16_256,3
U0020,SONY_HEADPHONES,2
U0021,ONEPLUS_13,3
U0021,IPHONE_15_256,4
U0021,SONY_HEADPHONES,1
U0021,IPHONE_15_128,3
U0022,IPHONE_15_256,2
U0022,IPHONE_16_128,1
U0022,MACBOOK_AIR_M2,4
U0023,SAMSUNG_S24,5
U0023,ONEPLUS_13,5
U0023,MACBOOK_AIR_M2,2
U0024,SONY_HEADPHONES,4
U0024,IPHONE_15_128,3
U0024,SAMSUNG_S24,2
U0024,IPHONE_15_256,5
U0025,MACBOOK_AIR_M2,5
U0025,SAMSUNG_S24,2
U0025,IPHONE_15_128,4
U0025,AIRPODS_PRO,3
U0025,DELL_XPS_13,3
U0026,IPHONE_15_256,4
U0026,IPHONE_16_128,1
U0027,ONEPLUS_13,4
U0027,DELL_XPS_13,1
U0028,IPHONE_15_128,2
U0028,ONEPLUS_13,4
U0028,AIRPODS_PRO,1
U0028,DELL_XPS_13,4
U0029,AIRPODS_PRO,4
U0029,ONEPLUS_13,2
U0030,DELL_XPS_13,2
U0030,IPHONE_15_128,4
U0030,IPHONE_16_128,4
U0030,SONY_HEADPHONES,4
U0031,SONY_HEADPHONES,2
U0031,IPHONE_16_128,3
U0031,AIRPODS_PRO,2
U0031,SAMSUNG_S24,4
U0031,IPHONE_16_256,3
U0032,SONY_HEADPHONES,1
U0032,IPHONE_15_128,2
U0032,AIRPODS_PRO,5
U0032,SAMSUNG_S24,5
U0033,DELL_XPS_13,4
U0033,IPHONE_15_256,4
U0033,SONY_HEADPHONES,4
U0033,SAMSUNG_S24,2
U0034,MACBOOK_AIR_M2,5
U0034,SAMSUNG_S24,5
U0035,MACBOOK_AIR_M2,3
U0035,SONY_HEADPHONES,4
U0035,IPHONE_16_256,4
U0036,IPHONE_16_128,3
U0036,AIRPODS_PRO,3
U0036,SAMSUNG_S24,3
U0036,IPHONE_15_128,4
U0037,SAMSUNG_S24,3
U0037,DELL_XPS_13,3
U0037,IPHONE_15_128,4
U0037,IPHONE_16_128,3
U0037,IPHONE_16_256,3
U0038,AIRPODS_PRO,5
U0038,IPHONE_15_256,5
U0039,SAMSUNG_S24,5
U0039,IPHONE_16_256,1
U0039,AIRPODS_PRO,3
U0039,IPHONE_15_128,4
U0039,IPHONE_15_256,4
U0040,MACBOOK_AIR_M2,4
U0040,ONEPLUS_13,4
U0041,SAMSUNG_S24,2
U0041,DELL_XPS_13,4
U0041,SONY_HEADPHONES,3
U0041,ONEPLUS_13,2
U0042,MACBOOK_AIR_M2,3
U0042,IPHONE_15_256,3
U0042,IPHONE_16_128,4
U0042,SONY_HEADPHONES,2
U0043,AIRPODS_PRO,5
U0043,MACBOOK_AIR_M2,4
U0043,IPHONE_16_256,1
U0043,IPHONE_15_256,1
U0044,IPHONE_16_128,2
U0044,SONY_HEADPHONES,4
U0045,SAMSUNG_S24,1
U0045,DELL_XPS_13,2
U0045,IPHONE_15_128,3
U0045,ONEPLUS_13,4
U0045,IPHONE_15_256,1
U0046,SONY_HEADPHONES,5
U0046,IPHONE_15_128,2
U0046,DELL_XPS_13,4
U0046,SAMSUNG_S24,1
U0047,IPHONE_15_128,3
U0047,DELL_XPS_13,2
U0048,IPHONE_16_128,3
U0048,IPHONE_16_256,3
U0049,MACBOOK_AIR_M2,4
U0049,IPHONE_15_256,3
U0049,IPHONE_16_128,3
U0050,IPHONE_15_128,4
U0050,IPHONE_16_128,3
U0050,DELL_XPS_13,4
U0050,IPHONE_16_256,3
U0051,IPHONE_15_256,2
U0051,ONEPLUS_13,5
U0051,IPHONE_16_128,2
U0052,IPHONE_15_128,4
U0052,IPHONE_16_256,2
U0052,AIRPODS_PRO,4
U0052,DELL_XPS_13,1
U0053,IPHONE_15_256,5
U0053,IPHONE_16_256,4
U0053,DELL_XPS_13,4
U0053,IPHONE_16_128,3
U0053,ONEPLUS_13,3
U0054,IPHONE_15_128,2
U0054,IPHONE_15_256,1
U0055,IPHONE_16_128,3
U0055,DELL_XPS_13,2
U0056,SONY_HEADPHONES,1
U0056,SAMSUNG_S24,4
U0057,IPHONE_16_128,2
U0057,SAMSUNG_S24,2
U0058,IPHONE_15_256,4
U0058,SONY_HEADPHONES,2
U0058,IPHONE_16_128,2
U0058,IPHONE_16_256,4
U0059,IPHONE_15_256,4
U0059,MACBOOK_AIR_M2,4
U0059,IPHONE_16_128,3
U0059,DELL_XPS_13,4
U0059,SONY_HEADPHONES,5
U0060,IPHONE_15_128,1
U0060,IPHONE_16_256,3
U0060,AIRPODS_PRO,1
U0061,IPHONE_16_128,3
U0061,AIRPODS_PRO,2
U0061,IPHONE_15_128,3
U0062,SAMSUNG_S24,4
U0062,IPHONE_16_256,3
U0062,AIRPODS_PRO,4
U0062,IPHONE_15_128,1
U0062,ONEPLUS_13,5
U0063,AIRPODS_PRO,5
U0063,SAMSUNG_S24,1
U0064,SAMSUNG_S24,1
U0064,IPHONE_15_256,3
U0065,IPHONE_16_256,4
U0065,AIRPODS_PRO,2
U0065,MACBOOK_AIR_M2,2
U0065,SONY_HEADPHONES,4
U0065,ONEPLUS_13,4
U0066,AIRPODS_PRO,2
U0066,IPHONE_16_128,3
U0066,IPHONE_15_128,4
U0066,ONEPLUS_13,3
U0066,MACBOOK_AIR_M2,4
U0067,SONY_HEADPHONES,1
U0067,ONEPLUS_13,3
U0067,IPHONE_16_256,4
U0067,AIRPODS_PRO,1
U0068,IPHONE_16_128,5
U0068,MACBOOK_AIR_M2,4
U0068,SONY_HEADPHONES,2
U0069,IPHONE_16_256,2
U0069,MACBOOK_AIR_M2,1
U0069,ONEPLUS_13,3
U0069,IPHONE_15_256,4
U0070,AIRPODS_PRO,2
U0070,IPHONE_15_128,3
U0071,DELL_XPS_13,1
U0071,IPHONE_16_256,2
U0071,MACBOOK_AIR_M2,2
U0072,SAMSUNG_S24,5
U0072,DELL_XPS_13,2
U0072,IPHONE_15_256,2
U0072,SONY_HEADPHONES,5
U0073,MACBOOK_AIR_M2,5
U0073,ONEPLUS_13,3
U0073,IPHONE_15_128,4
U0073,SONY_HEADPHONES,4
U0073,SAMSUNG_S24,3
U0074,IPHONE_16_256,4
U0074,ONEPLUS_13,3
U0074,IPHONE_15_128,2
U0074,IPHONE_15_256,2
U0075,IPHONE_15_128,5
U0075,IPHONE_16_128,2
U0075,DELL_XPS_13,2
U0075,ONEPLUS_13,2
U0076,SAMSUNG_S24,4
U0076,DELL_XPS_13,2
U0076,ONEPLUS_13,3
U0077,IPHONE_15_256,2
U0077,IPHONE_15_128,3
U0077,SAMSUNG_S24,3
U0077,ONEPLUS_13,2
U0077,SONY_HEADPHONES,4
U0078,SONY_HEADPHONES,4
U0078,SAMSUNG_S24,2
U0078,IPHONE_16_128,1
U0078,AIRPODS_PRO,3
U0078,DELL_XPS_13,3
U0079,SAMSUNG_S24,3
U0079,AIRPODS_PRO,3
U0079,ONEPLUS_13,3
U0079,MACBOOK_AIR_M2,4
U0080,ONEPLUS_13,1
U0080,IPHONE_15_256,5
U0080,IPHONE_16_256,3
U0080,IPHONE_16_128,1
U0080,SONY_HEADPHONES,1
U0081,IPHONE_16_128,4
U0081,DELL_XPS_13,2
U0081,IPHONE_16_256,3
U0082,IPHONE_15_256,3
U0082,ONEPLUS_13,1
U0083,DELL_XPS_13,4
U0083,IPHONE_16_256,3
U0083,ONEPLUS_13,2
U0083,MACBOOK_AIR_M2,3
U0083,SAMSUNG_S24,4
U0084,AIRPODS_PRO,4
U0084,DELL_XPS_13,4
U0084,IPHONE_15_256,5
U0084,MACBOOK_AIR_M2,4
U0084,SONY_HEADPHONES,4
U0085,SAMSUNG_S24,3
U0085,MACBOOK_AIR_M2,4
U0086,DELL_XPS_13,3
U0086,IPHONE_15_256,4
U0086,AIRPODS_PRO,2
U0087,IPHONE_16_128,1
U0087,MACBOOK_AIR_M2,4
U0087,IPHONE_15_128,3
U0087,ONEPLUS_13,5
U0088,SAMSUNG_S24,2
U0088,IPHONE_16_256,4
U0088,IPHONE_15_256,5
U0089,AIRPODS_PRO,4
U0089,IPHONE_16_128,3
U0090,SAMSUNG_S24,3
U0090,IPHONE_15_256,3
U0091,SAMSUNG_S24,5
U0091,DELL_XPS_13,1
U0091,IPHONE_16_256,2
U0092,IPHONE_15_256,4
U0092,SAMSUNG_S24,5
U0092,DELL_XPS_13,4
U0093,AIRPODS_PRO,2
U0093,IPHONE_16_128,2
U0093,DELL_XPS_13,3
U0093,ONEPLUS_13,2
U0093,MACBOOK_AIR_M2,5
U0094,SONY_HEADPHONES,3
U0094,MACBOOK_AIR_M2,4
U0094,IPHONE_15_256,1
U0094,IPHONE_16_256,3
U0094,AIRPODS_PRO,3
U0095,IPHONE_15_128,5
U0095,SONY_HEADPHONES,4
U0096,SAMSUNG_S24,3
U0096,IPHONE_16_256,2
U0096,MACBOOK_AIR_M2,3
U0097,IPHONE_16_128,2
U0097,IPHONE_15_256,5
U0097,IPHONE_15_128,1
U0097,SONY_HEADPHONES,1
U0098,IPHONE_15_128,4
U0098,SONY_HEADPHONES,4
U0098,IPHONE_16_256,3
U0098,IPHONE_15_256,4
U0098,IPHONE_16_128,2
U0099,IPHONE_15_256,1
U0099,IPHONE_15_128,5
U0100,SONY_HEADPHONES,4
U0100,IPHONE_16_256,1
U0100,ONEPLUS_13,3
U0100,IPHONE_15_256,2
U0100,MACBOOK_AIR_M2,2
U0101,DELL_XPS_13,4
U0101,IPHONE_15_256,3
U0102,ONEPLUS_13,2
U0102,SAMSUNG_S24,4
U0103,MACBOOK_AIR_M2,1
U0103,IPHONE_16_256,3
U0103,IPHONE_15_256,5
U0103,AIRPODS_PRO,5
U0104,SONY_HEADPHONES,4
U0104,SAMSUNG_S24,4
U0104,IPHONE_16_128,4
U0105,AIRPODS_PRO,4
U0105,IPHONE_15_256,2
U0105,IPHONE_15_128,4
U0105,ONEPLUS_13,3
U0105,SONY_HEADPHONES,1
U0106,SONY_HEADPHONES,2
U0106,ONEPLUS_13,5
U0106,MACBOOK_AIR_M2,4
U0106,IPHONE_16_128,1
U0106,SAMSUNG_S24,3
U0107,IPHONE_15_128,4
U0107,DELL_XPS_13,3
U0107,IPHONE_16_256,1
U0108,SONY_HEADPHONES,3
U0108,ONEPLUS_13,1
U0108,IPHONE_16_128,4
U0109,IPHONE_16_128,2
U0109,SONY_HEADPHONES,2
U0109,IPHONE_16_256,4
U0109,SAMSUNG_S24,4
U0110,MACBOOK_AIR_M2,3
U0110,DELL_XPS_13,3
U0110,SONY_HEADPHONES,4
U0110,IPHONE_15_128,4
U0111,SONY_HEADPHONES,2
U0111,IPHONE_15_128,5
U0111,ONEPLUS_13,2
U0112,IPHONE_15_128,3
U0112,AIRPODS_PRO,2
U0113,IPHONE_16_256,3
U0113,IPHONE_16_128,2
U0113,IPHONE_15_128,3
U0113,SONY_HEADPHONES,1
U0114,IPHONE_15_256,3
U0114,ONEPLUS_13,5
U0114,SONY_HEADPHONES,2
U0114,IPHONE_16_128,2
U0114,MACBOOK_AIR_M2,5
U0115,IPHONE_15_256,4
U0115,MACBOOK_AIR_M2,2
U0116,IPHONE_16_256,2
U0116,MACBOOK_AIR_M2,2
U0116,IPHONE_15_128,4
U0116,IPHONE_15_256,3
U0116,DELL_XPS_13,4
U0117,SAMSUNG_S24,4
U0117,DELL_XPS_13,3
U0117,IPHONE_15_128,4
U0117,AIRPODS_PRO,3
U0117,IPHONE_16_128,5
U0118,IPHONE_16_256,3
U0118,SAMSUNG_S24,4
U0118,IPHONE_15_128,4
U0119,IPHONE_16_128,5
U0119,IPHONE_15_256,3
U0120,IPHONE_15_256,5
U0120,AIRPODS_PRO,3
U0120,SONY_HEADPHONES,4
U0121,IPHONE_15_256,5
U0121,ONEPLUS_13,3
U0122,DELL_XPS_13,4
U0122,IPHONE_16_128,4
U0122,IPHONE_15_256,4
U0123,AIRPODS_PRO,1
U0123,SONY_HEADPHONES,2
U0123,IPHONE_15_256,2
U0123,SAMSUNG_S24,3
U0123,MACBOOK_AIR_M2,1
U0124,IPHONE_15_128,3
U0124,MACBOOK_AIR_M2,4
U0124,SONY_HEADPHONES,4
U0125,SAMSUNG_S24,3
U0125,ONEPLUS_13,4
U0125,MACBOOK_AIR_M2,1
U0125,IPHONE_15_128,3
U0125,AIRPODS_PRO,3
U0126,AIRPODS_PRO,4
U0126,SONY_HEADPHONES,3
U0126,IPHONE_15_128,4
U0127,IPHONE_15_128,3
U0127,SONY_HEADPHONES,4
U0128,ONEPLUS_13,3
U0128,IPHONE_16_128,3
U0129,DELL_XPS_13,3
U0129,SONY_HEADPHONES,4
U0130,SAMSUNG_S24,5
U0130,AIRPODS_PRO,5
U0130,IPHONE_16_256,3
U0131,DELL_XPS_13,5
U0131,IPHONE_15_128,3
U0131,IPHONE_16_256,3
U0131,AIRPODS_PRO,2
U0131,SAMSUNG_S24,2
U0132,IPHONE_16_128,2
U0132,IPHONE_16_256,4
U0132,IPHONE_15_128,2
U0132,SAMSUNG_S24,4
U0132,IPHONE_15_256,4
U0133,SAMSUNG_S24,2
U0133,IPHONE_16_256,5
U0133,SONY_HEADPHONES,4
U0134,IPHONE_16_256,5
U0134,IPHONE_16_128,3
U0134,IPHONE_15_256,4
U0135,IPHONE_15_256,5
U0135,IPHONE_16_128,1
U0135,DELL_XPS_13,1
U0135,AIRPODS_PRO,4
U0136,MACBOOK_AIR_M2,2
U0136,AIRPODS_PRO,4
U0136,DELL_XPS_13,2
U0136,ONEPLUS_13,4
U0137,SAMSUNG_S24,4
U0137,ONEPLUS_13,1
U0137,SONY_HEADPHONES,3
U0138,MACBOOK_AIR_M2,4
U0138,IPHONE_16_128,5
U0138,IPHONE_15_256,5
U0138,SAMSUNG_S24,3
U0139,IPHONE_15_128,3
U0139,SONY_HEADPHONES,4
U0139,AIRPODS_PRO,3
U0139,DELL_XPS_13,5
U0140,DELL_XPS_13,4
U0140,IPHONE_15_128,3
U0140,ONEPLUS_13,5
U0140,IPHONE_16_256,3
U0140,IPHONE_16_128,2
U0141,SONY_HEADPHONES,4
U0141,IPHONE_15_128,3
U0141,ONEPLUS_13,3
U0142,IPHONE_16_128,2
U0142,MACBOOK_AIR_M2,4
U0142,ONEPLUS_13,4
U0142,IPHONE_16_256,4
U0142,SAMSUNG_S24,3
U0143,AIRPODS_PRO,5
U0143,IPHONE_15_256,2
U0143,IPHONE_15_128,4
U0143,SAMSUNG_S24,4
U0143,SONY_HEADPHONES,4
U0144,SONY_HEADPHONES,4
U0144,IPHONE_15_256,1
U0144,SAMSUNG_S24,2
U0144,DELL_XPS_13,1
U0145,SAMSUNG_S24,3
U0145,SONY_HEADPHONES,2
U0146,ONEPLUS_13,2
U0146,IPHONE_16_256,3
U0146,MACBOOK_AIR_M2,2
U0146,IPHONE_16_128,4
U0147,DELL_XPS_13,1
U0147,IPHONE_16_128,5
U0148,IPHONE_16_256,1
U0148,DELL_XPS_13,2
U0149,IPHONE_16_128,4
U0149,IPHONE_15_256,4
U0150,IPHONE_16_256,4
U0150,IPHONE_15_128,3
U0150,SAMSUNG_S24,2
U0150,ONEPLUS_13,1
U0150,SONY_HEADPHONES,2
U0151,SONY_HEADPHONES,2
U0151,IPHONE_15_256,1
U0152,SONY_HEADPHONES,5
U0152,IPHONE_16_256,5
U0152,IPHONE_15_256,3
U0153,ONEPLUS_13,3
U0153,SONY_HEADPHONES,5
U0153,IPHONE_16_256,2
U0154,MACBOOK_AIR_M2,2
U0154,IPHONE_16_128,2
U0154,AIRPODS_PRO,3
U0155,SAMSUNG_S24,4
U0155,IPHONE_15_128,1
U0155,SONY_HEADPHONES,2
U0155,ONEPLUS_13,4
U0155,DELL_XPS_13,3
U0156,IPHONE_15_256,3
U0156,SAMSUNG_S24,4
U0156,SONY_HEADPHONES,3
U0156,AIRPODS_PRO,1
U0156,IPHONE_16_128,1
U0157,IPHONE_16_256,4
U0157,ONEPLUS_13,4
U0157,IPHONE_15_128,2
U0158,ONEPLUS_13,4
U0158,IPHONE_16_256,4
U0158,IPHONE_15_256,2
U0159,MACBOOK_AIR_M2,1
U0159,AIRPODS_PRO,5
U0160,IPHONE_16_256,4
U0160,IPHONE_15_128,4
U0161,IPHONE_15_128,4
U0161,IPHONE_15_256,2
U0161,AIRPODS_PRO,4
U0162,AIRPODS_PRO,2
U0162,IPHONE_16_128,5
U0163,IPHONE_15_256,2
U0163,SAMSUNG_S24,3
U0163,DELL_XPS_13,4
U0163,IPHONE_16_256,4
U0164,MACBOOK_AIR_M2,3
U0164,AIRPODS_PRO,4
U0164,ONEPLUS_13,2
U0164,IPHONE_15_256,1
U0165,IPHONE_15_256,1
U0165,IPHONE_15_128,4
U0165,ONEPLUS_13,4
U0165,SONY_HEADPHONES,2
U0166,AIRPODS_PRO,4
U0166,ONEPLUS_13,4
U0166,DELL_XPS_13,1
U0166,IPHONE_15_256,2
U0166,IPHONE_16_256,2
U0167,SONY_HEADPHONES,4
U0167,IPHONE_16_256,4
U0167,SAMSUNG_S24,2
U0168,DELL_XPS_13,1
U0168,IPHONE_15_256,1
U0168,SONY_HEADPHONES,5
U0169,AIRPODS_PRO,4
U0169,IPHONE_16_256,4
U0169,IPHONE_15_128,3
U0170,MACBOOK_AIR_M2,3
U0170,DELL_XPS_13,5
U0171,DELL_XPS_13,3
U0171,IPHONE_16_256,4
U0171,ONEPLUS_13,3
U0171,MACBOOK_AIR_M2,1
U0172,AIRPODS_PRO,3
U0172,IPHONE_15_128,1
U0173,AIRPODS_PRO,1
U0173,IPHONE_16_128,2
U0173,DELL_XPS_13,4
U0173,SAMSUNG_S24,2
U0174,IPHONE_16_128,3
U0174,SONY_HEADPHONES,5
U0175,DELL_XPS_13,4
U0175,SONY_HEADPHONES,5
U0175,IPHONE_15_256,3
U0175,MACBOOK_AIR_M2,2
U0176,IPHONE_15_128,3
U0176,ONEPLUS_13,3
U0176,MACBOOK_AIR_M2,2
U0176,DELL_XPS_13,1
U0176,IPHONE_15_256,2
U0177,SAMSUNG_S24,3
U0177,ONEPLUS_13,1
U0177,SONY_HEADPHONES,2
U0178,IPHONE_15_256,2
U0178,AIRPODS_PRO,1
U0178,IPHONE_15_128,1
U0179,IPHONE_15_128,4
U0179,ONEPLUS_13,2
U0180,IPHONE_16_128,2
U0180,AIRPODS_PRO,4
U0181,SAMSUNG_S24,4
U0181,IPHONE_15_128,4
U0181,IPHONE_15_256,3
U0182,AIRPODS_PRO,2
U0182,MACBOOK_AIR_M2,4
U0182,ONEPLUS_13,3
U0183,DELL_XPS_13,4
U0183,IPHONE_15_128,3
U0183,AIRPODS_PRO,2
U0183,IPHONE_16_256,2
U0184,IPHONE_15_256,2
U0184,SAMSUNG_S24,1
U0184,IPHONE_15_128,4
U0184,IPHONE_16_128,3
U0184,DELL_XPS_13,1
U0185,IPHONE_16_128,4
U0185,IPHONE_15_128,5
U0185,AIRPODS_PRO,5
U0185,DELL_XPS_13,3
U0186,ONEPLUS_13,2
U0186,IPHONE_16_256,4
U0186,MACBOOK_AIR_M2,4
U0187,IPHONE_16_256,1
U0187,IPHONE_16_128,3
U0187,SONY_HEADPHONES,4
U0188,IPHONE_15_256,4
U0188,AIRPODS_PRO,2
U0188,SAMSUNG_S24,3
U0189,IPHONE_16_256,4
U0189,ONEPLUS_13,2
U0189,SAMSUNG_S24,1
U0190,IPHONE_16_256,4
U0190,DELL_XPS_13,1
U0190,IPHONE_16_128,3
U0190,ONEPLUS_13,4
U0191,MACBOOK_AIR_M2,2
U0191,IPHONE_16_256,5
U0191,IPHONE_15_128,1
U0191,AIRPODS_PRO,5
U0192,IPHONE_16_128,4
U0192,IPHONE_16_256,2
U0193,IPHONE_15_128,3
U0193,SONY_HEADPHONES,5
U0193,IPHONE_16_256,2
U0193,MACBOOK_AIR_M2,4
U0194,ONEPLUS_13,2
U0194,SONY_HEADPHONES,3
U0194,AIRPODS_PRO,2
U0194,IPHONE_16_128,2
U0194,IPHONE_15_128,4
U0195,SAMSUNG_S24,3
U0195,MACBOOK_AIR_M2,1
U0196,MACBOOK_AIR_M2,3
U0196,IPHONE_15_256,5
U0196,IPHONE_16_256,2
U0196,DELL_XPS_13,2
U0197,IPHONE_16_128,4
U0197,MACBOOK_AIR_M2,1
U0197,SAMSUNG_S24,3
U0198,MACBOOK_AIR_M2,4
U0198,SAMSUNG_S24,1
U0199,IPHONE_16_256,3
U0199,IPHONE_16_128,4
U0200,AIRPODS_PRO,3
U0200,IPHONE_16_256,3
U0200,SAMSUNG_S24,5
U0200,SONY_HEADPHONES,3
U0200,IPHONE_16_128,5
U0201,MACBOOK_AIR_M2,2
U0201,IPHONE_16_128,4
U0201,DELL_XPS_13,4
U0201,IPHONE_16_256,4
U0202,MACBOOK_AIR_M2,2
U0202,IPHONE_16_128,3
U0202,IPHONE_15_128,1
U0203,DELL_XPS_13,3
U0203,AIRPODS_PRO,4
U0203,IPHONE_16_128,3
U0203,IPHONE_15_128,3
U0203,IPHONE_15_256,2
U0204,MACBOOK_AIR_M2,2
U0204,IPHONE_15_256,1
U0204,DELL_XPS_13,5
U0205,IPHONE_15_128,5
U0205,ONEPLUS_13,5
U0205,SAMSUNG_S24,5
U0206,IPHONE_16_128,1
U0206,SAMSUNG_S24,5
U0206,AIRPODS_PRO,1
U0207,IPHONE_16_128,4
U0207,DELL_XPS_13,1
U0208,ONEPLUS_13,4
U0208,IPHONE_15_256,5
U0209,DELL_XPS_13,4
U0209,IPHONE_16_256,1
U0209,ONEPLUS_13,1
U0209,AIRPODS_PRO,4
U0210,SAMSUNG_S24,4
U0210,MACBOOK_AIR_M2,4
U0211,IPHONE_15_128,4
U0211,SAMSUNG_S24,3
U0211,IPHONE_15_256,4
U0211,AIRPODS_PRO,3
U0211,ONEPLUS_13,4
U0212,SONY_HEADPHONES,5
U0212,IPHONE_16_256,4
U0212,MACBOOK_AIR_M2,3
U0213,DELL_XPS_13,5
U0213,IPHONE_16_256,3
U0213,SONY_HEADPHONES,2
U0214,AIRPODS_PRO,3
U0214,IPHONE_16_128,3
U0214,SAMSUNG_S24,3
U0214,MACBOOK_AIR_M2,5
U0215,IPHONE_15_128,5
U0215,IPHONE_16_128,1
U0216,IPHONE_16_128,4
U0216,IPHONE_15_256,1
U0216,MACBOOK_AIR_M2,5
U0216,SONY_HEADPHONES,4
U0217,IPHONE_15_128,3
U0217,AIRPODS_PRO,2
U0218,IPHONE_15_256,1
U0218,IPHONE_16_256,1
U0219,IPHONE_15_256,2
U0219,AIRPODS_PRO,3
U0219,IPHONE_16_128,4
U0219,IPHONE_15_128,2
U0220,MACBOOK_AIR_M2,2
U0220,IPHONE_15_128,3
U0221,IPHONE_16_128,4
U0221,DELL_XPS_13,3
U0221,IPHONE_15_128,2
U0221,ONEPLUS_13,5
U0221,SONY_HEADPHONES,1
U0222,AIRPODS_PRO,1
U0222,IPHONE_16_128,3
U0222,IPHONE_15_256,4
U0223,IPHONE_16_256,2
U0223,DELL_XPS_13,3
U0223,SAMSUNG_S24,5
U0224,MACBOOK_AIR_M2,5
U0224,SAMSUNG_S24,3
U0224,IPHONE_15_256,5
U0225,IPHONE_15_128,4
U0225,AIRPODS_PRO,5
U0226,DELL_XPS_13,5
U0226,SAMSUNG_S24,1
U0226,IPHONE_15_256,3
U0226,ONEPLUS_13,5
U0227,ONEPLUS_13,4
U0227,IPHONE_15_128,3
U0227,SONY_HEADPHONES,1
U0227,SAMSUNG_S24,4
U0227,AIRPODS_PRO,4
U0228,IPHONE_16_256,4
U0228,IPHONE_15_128,1
U0228,DELL_XPS_13,2
U0228,SONY_HEADPHONES,3
U0228,AIRPODS_PRO,5
U0229,MACBOOK_AIR_M2,4
U0229,ONEPLUS_13,2
U0229,IPHONE_16_128,5
U0230,IPHONE_15_256,2
U0230,MACBOOK_AIR_M2,1
U0230,IPHONE_15_128,2
U0230,IPHONE_16_128,5
U0230,SAMSUNG_S24,1
U0231,IPHONE_15_128,1
U0231,IPHONE_16_256,1
U0231,IPHONE_16_128,1
U0231,SAMSUNG_S24,3
U0231,SONY_HEADPHONES,3
U0232,DELL_XPS_13,4
U0232,IPHONE_15_128,1
U0232,ONEPLUS_13,5
U0232,SONY_HEADPHONES,1
U0232,SAMSUNG_S24,5
U0233,MACBOOK_AIR_M2,1
U0233,IPHONE_16_256,5
U0234,IPHONE_15_128,3
U0234,ONEPLUS_13,3
U0235,DELL_XPS_13,5
U0235,IPHONE_16_256,4
U0236,DELL_XPS_13,4
U0236,IPHONE_15_256,5
U0236,IPHONE_15_128,1
U0236,SAMSUNG_S24,3
U0237,IPHONE_16_128,5
U0237,ONEPLUS_13,2
U0237,AIRPODS_PRO,4
U0237,DELL_XPS_13,1
U0237,IPHONE_16_256,4
U0238,SAMSUNG_S24,4
U0238,AIRPODS_PRO,3
U0238,IPHONE_15_128,3
U0238,IPHONE_16_256,1
U0238,IPHONE_16_128,3
U0239,IPHONE_16_128,3
U0239,DELL_XPS_13,2
U0240,IPHONE_15_256,2
U0240,IPHONE_15_128,4
U0240,IPHONE_16_256,2
U0240,SAMSUNG_S24,3
U0241,SAMSUNG_S24,4
U0241,MACBOOK_AIR_M2,1
U0241,AIRPODS_PRO,1
U0241,ONEPLUS_13,2
U0241,DELL_XPS_13,3
U0242,IPHONE_15_256,1
U0242,SONY_HEADPHONES,5
U0242,AIRPODS_PRO,1
U0242,MACBOOK_AIR_M2,4
U0242,IPHONE_16_256,1
U0243,MACBOOK_AIR_M2,2
U0243,ONEPLUS_13,3
U0243,SAMSUNG_S24,3
U0243,IPHONE_16_256,1
U0244,IPHONE_15_256,2
U0244,ONEPLUS_13,5
U0244,MACBOOK_AIR_M2,1
U0245,SONY_HEADPHONES,4
U0245,DELL_XPS_13,5
U0245,IPHONE_16_256,3
U0245,MACBOOK_AIR_M2,2
U0245,IPHONE_16_128,4
U0246,DELL_XPS_13,1
U0246,MACBOOK_AIR_M2,2
U0246,IPHONE_16_256,3
U0247,SONY_HEADPHONES,3
U0247,ONEPLUS_13,1
U0247,MACBOOK_AIR_M2,5
U0247,DELL_XPS_13,2
U0247,IPHONE_16_256,5
U0248,IPHONE_16_256,3
U0248,DELL_XPS_13,3
U0249,IPHONE_16_256,4
U0249,IPHONE_15_128,2
U0249,SONY_HEADPHONES,4
U0250,ONEPLUS_13,4
U0250,MACBOOK_AIR_M2,3
U0250,AIRPODS_PRO,1
U0250,IPHONE_15_128,4
U0251,SAMSUNG_S24,5
U0251,DELL_XPS_13,1
U0251,ONEPLUS_13,4
U0251,IPHONE_15_256,3
U0252,IPHONE_16_256,3
U0252,IPHONE_15_128,1
U0252,ONEPLUS_13,3
U0252,IPHONE_16_128,4
U0252,AIRPODS_PRO,1
U0253,MACBOOK_AIR_M2,4
U0253,IPHONE_16_128,3
U0253,AIRPODS_PRO,2
U0253,IPHONE_16_256,3
U0254,ONEPLUS_13,3
U0254,IPHONE_15_256,5
U0255,AIRPODS_PRO,3
U0255,IPHONE_15_256,3
U0256,AIRPODS_PRO,3
U0256,IPHONE_16_256,3
U0256,SONY_HEADPHONES,5
U0256,DELL_XPS_13,5
U0257,MACBOOK_AIR_M2,1
U0257,IPHONE_16_128,4
U0257,SAMSUNG_S24,4
U0258,DELL_XPS_13,2
U0258,SAMSUNG_S24,4
U0258,IPHONE_15_128,2
U0258,ONEPLUS_13,2
U0259,IPHONE_16_128,3
U0259,AIRPODS_PRO,3
U0259,SAMSUNG_S24,4
U0259,IPHONE_15_256,3
U0260,IPHONE_15_256,1
U0260,IPHONE_16_256,1
U0260,SONY_HEADPHONES,2
U0260,DELL_XPS_13,3
U0260,ONEPLUS_13,3
U0261,MACBOOK_AIR_M2,2
U0261,IPHONE_16_128,2
U0261,SAMSUNG_S24,4
U0262,DELL_XPS_13,1
U0262,AIRPODS_PRO,4
U0262,MACBOOK_AIR_M2,2
U0262,IPHONE_16_128,3
U0263,IPHONE_15_128,2
U0263,IPHONE_16_128,4
U0263,AIRPODS_PRO,4
U0263,SAMSUNG_S24,3
U0263,MACBOOK_AIR_M2,4
U0264,SAMSUNG_S24,4
U0264,DELL_XPS_13,5
U0265,IPHONE_15_128,5
U0265,IPHONE_16_128,4
U0266,IPHONE_15_128,4
U0266,DELL_XPS_13,1
U0266,AIRPODS_PRO,2
U0267,AIRPODS_PRO,1
U0267,IPHONE_15_256,4
U0268,SONY_HEADPHONES,1
U0268,AIRPODS_PRO,3
U0268,IPHONE_15_256,4
U0268,ONEPLUS_13,5
U0268,IPHONE_16_256,5
U0269,MACBOOK_AIR_M2,2
U0269,SAMSUNG_S24,5
U0269,IPHONE_15_256,3
U0269,IPHONE_15_128,4
U0270,SONY_HEADPHONES,2
U0270,SAMSUNG_S24,5
U0270,IPHONE_16_128,2
U0270,IPHONE_15_128,5
U0271,ONEPLUS_13,3
U0271,DELL_XPS_13,1
U0271,IPHONE_16_256,2
U0271,MACBOOK_AIR_M2,4
U0272,DELL_XPS_13,5
U0272,SONY_HEADPHONES,3
U0272,IPHONE_15_128,3
U0272,IPHONE_16_256,5
U0273,DELL_XPS_13,1
U0273,IPHONE_15_256,4
U0273,SONY_HEADPHONES,3
U0274,IPHONE_15_128,3
U0274,MACBOOK_AIR_M2,5
U0274,IPHONE_16_128,3
U0274,SONY_HEADPHONES,1
U0275,IPHONE_15_256,1
U0275,ONEPLUS_13,3
U0275,IPHONE_16_256,3
U0276,IPHONE_16_128,4
U0276,IPHONE_15_128,1
U0277,ONEPLUS_13,3
U0277,SONY_HEADPHONES,4
U0278,IPHONE_16_128,1
U0278,SONY_HEADPHONES,2
U0278,AIRPODS_PRO,4
U0278,IPHONE_15_256,5
U0278,SAMSUNG_S24,1
U0279,IPHONE_15_128,1
U0279,IPHONE_16_256,2
U0279,SONY_HEADPHONES,5
U0279,DELL_XPS_13,3
U0279,IPHONE_15_256,5
U0280,AIRPODS_PRO,2
U0280,DELL_XPS_13,2
U0280,SAMSUNG_S24,2
U0281,MACBOOK_AIR_M2,5
U0281,DELL_XPS_13,4
U0281,IPHONE_16_128,4
U0281,IPHONE_16_256,4
U0282,SAMSUNG_S24,2
U0282,MACBOOK_AIR_M2,4
U0282,SONY_HEADPHONES,5
U0282,IPHONE_16_256,2
U0282,IPHONE_16_128,4
U0283,IPHONE_15_128,5
U0283,DELL_XPS_13,4
U0283,IPHONE_16_128,3
U0284,ONEPLUS_13,2
U0284,SAMSUNG_S24,3
U0285,DELL_XPS_13,5
U0285,IPHONE_16_128,4
U0286,MACBOOK_AIR_M2,5
U0286,IPHONE_15_256,2
U0287,IPHONE_15_256,3
U0287,AIRPODS_PRO,4
U0288,ONEPLUS_13,4
U0288,IPHONE_16_128,4
U0288,AIRPODS_PRO,4
U0288,SONY_HEADPHONES,3
U0289,SAMSUNG_S24,3
U0289,DELL_XPS_13,1
U0289,MACBOOK_AIR_M2,2
U0290,AIRPODS_PRO,3
U0290,SAMSUNG_S24,2
U0291,IPHONE_16_128,4
U0291,ONEPLUS_13,1
U0291,IPHONE_15_128,5
U0291,SAMSUNG_S24,2
U0292,ONEPLUS_13,4
U0292,DELL_XPS_13,3
U0292,AIRPODS_PRO,5
U0293,IPHONE_15_128,4
U0293,AIRPODS_PRO,4
U0294,IPHONE_15_128,2
U0294,AIRPODS_PRO,2
U0295,IPHONE_15_128,4
U0295,IPHONE_16_128,5
U0295,ONEPLUS_13,5
U0295,IPHONE_15_256,2
U0296,ONEPLUS_13,4
U0296,IPHONE_16_256,3
U0296,IPHONE_15_256,2
U0297,MACBOOK_AIR_M2,2
U0297,SONY_HEADPHONES,4
U0297,ONEPLUS_13,3
U0297,SAMSUNG_S24,4
U0298,SONY_HEADPHONES,2
U0298,IPHONE_15_256,4
U0298,IPHONE_16_128,3
U0298,DELL_XPS_13,3
U0299,SAMSUNG_S24,1
U0299,DELL_XPS_13,4
U0299,IPHONE_16_256,2
U0300,IPHONE_15_128,1
U0300,ONEPLUS_13,5
U0301,ONEPLUS_13,5
U0301,IPHONE_16_128,2
U0301,SONY_HEADPHONES,2
U0301,SAMSUNG_S24,4
U0301,DELL_XPS_13,5
U0302,AIRPODS_PRO,4
U0302,IPHONE_16_256,4
U0303,IPHONE_16_128,2
U0303,DELL_XPS_13,2
U0303,ONEPLUS_13,4
U0303,MACBOOK_AIR_M2,2
U0303,IPHONE_15_256,5
U0304,IPHONE_16_128,1
U0304,IPHONE_15_128,2
U0305,ONEPLUS_13,3
U0305,SAMSUNG_S24,1
U0305,MACBOOK_AIR_M2,2
U0306,MACBOOK_AIR_M2,5
U0306,IPHONE_15_256,5
U0307,ONEPLUS_13,4
U0307,SONY_HEADPHONES,5
U0307,SAMSUNG_S24,4
U0308,IPHONE_16_128,3
U0308,MACBOOK_AIR_M2,4
U0308,IPHONE_15_256,3
U0308,SAMSUNG_S24,1
U0308,AIRPODS_PRO,4
U0309,MACBOOK_AIR_M2,5
U0309,IPHONE_15_256,3
U0309,AIRPODS_PRO,3
U0309,SONY_HEADPHONES,4
U0310,DELL_XPS_13,5
U0310,SONY_HEADPHONES,3
U0311,IPHONE_16_128,3
U0311,DELL_XPS_13,1
U0311,SAMSUNG_S24,1
U0312,DELL_XPS_13,5
U0312,AIRPODS_PRO,3
U0312,IPHONE_15_128,2
U0312,MACBOOK_AIR_M2,3
U0313,IPHONE_16_256,4
U0313,SAMSUNG_S24,2
U0313,MACBOOK_AIR_M2,2
U0313,DELL_XPS_13,5
U0314,IPHONE_15_256,5
U0314,IPHONE_16_128,3
U0314,DELL_XPS_13,4
U0315,MACBOOK_AIR_M2,2
U0315,IPHONE_16_256,2
U0315,ONEPLUS_13,4
U0315,DELL_XPS_13,2
U0315,SAMSUNG_S24,3
U0316,MACBOOK_AIR_M2,2
U0316,IPHONE_16_256,3
U0316,AIRPODS_PRO,2
U0316,IPHONE_15_256,3
U0316,SAMSUNG_S24,2
U0317,IPHONE_16_128,2
U0317,IPHONE_15_256,3
U0318,IPHONE_16_128,3
U0318,SAMSUNG_S24,5
U0319,IPHONE_15_256,3
U0319,MACBOOK_AIR_M2,1
U0319,DELL_XPS_13,1
U0320,MACBOOK_AIR_M2,5
U0320,SONY_HEADPHONES,3
U0320,IPHONE_15_256,2
U0320,SAMSUNG_S24,2
U0320,IPHONE_16_128,3
U0321,ONEPLUS_13,3
U0321,IPHONE_16_128,4
U0321,MACBOOK_AIR_M2,2
U0321,AIRPODS_PRO,3
U0321,DELL_XPS_13,3
U0322,IPHONE_15_256,5
U0322,IPHONE_15_128,2
U0322,SONY_HEADPHONES,5
U0323,SAMSUNG_S24,1
U0323,ONEPLUS_13,2
U0323,MACBOOK_AIR_M2,3
U0323,DELL_XPS_13,2
U0323,SONY_HEADPHONES,1
U0324,IPHONE_15_128,1
U0324,DELL_XPS_13,5
U0324,IPHONE_16_128,1
U0324,SAMSUNG_S24,2
U0325,IPHONE_15_256,3
U0325,AIRPODS_PRO,3
U0326,MACBOOK_AIR_M2,4
U0326,IPHONE_16_256,5
U0326,AIRPODS_PRO,3
U0327,MACBOOK_AIR_M2,1
U0327,IPHONE_15_256,2
U0328,AIRPODS_PRO,3
U0328,IPHONE_16_256,3
U0329,MACBOOK_AIR_M2,1
U0329,IPHONE_16_128,3
U0329,SAMSUNG_S24,2
U0329,SONY_HEADPHONES,1
U0330,MACBOOK_AIR_M2,5
U0330,ONEPLUS_13,3
U0330,IPHONE_16_256,2
U0330,IPHONE_16_128,2
U0331,ONEPLUS_13,4
U0331,IPHONE_15_128,2
U0331,MACBOOK_AIR_M2,3
U0332,MACBOOK_AIR_M2,3
U0332,DELL_XPS_13,3
U0332,SAMSUNG_S24,2
U0333,IPHONE_15_128,1
U0333,MACBOOK_AIR_M2,3
U0333,IPHONE_16_128,4
U0333,SONY_HEADPHONES,4
U0333,DELL_XPS_13,3
U0334,IPHONE_16_128,3
U0334,SONY_HEADPHONES,2
U0334,IPHONE_15_128,4
U0334,SAMSUNG_S24,5
U0335,IPHONE_15_256,1
U0335,IPHONE_15_128,2
U0336,SAMSUNG_S24,2
U0336,DELL_XPS_13,2
U0336,IPHONE_15_128,4
U0336,IPHONE_16_128,3
U0336,MACBOOK_AIR_M2,1
U0337,MACBOOK_AIR_M2,2
U0337,IPHONE_16_128,3
U0338,IPHONE_16_256,1
U0338,IPHONE_16_128,2
U0338,DELL_XPS_13,1
U0338,IPHONE_15_128,3
U0339,DELL_XPS_13,4
U0339,IPHONE_16_128,4
U0340,AIRPODS_PRO,4
U0340,IPHONE_15_256,1
U0341,ONEPLUS_13,2
U0341,IPHONE_16_256,3
U0342,AIRPODS_PRO,5
U0342,IPHONE_15_256,2
U0342,IPHONE_15_128,2
U0343,AIRPODS_PRO,4
U0343,MACBOOK_AIR_M2,5
U0343,IPHONE_16_256,2
U0343,IPHONE_16_128,2
U0344,DELL_XPS_13,3
U0344,SAMSUNG_S24,1
U0345,SONY_HEADPHONES,3
U0345,MACBOOK_AIR_M2,2
U0345,ONEPLUS_13,4
U0345,AIRPODS_PRO,4
U0346,IPHONE_15_128,3
U0346,IPHONE_15_256,3
U0346,DELL_XPS_13,4
U0346,MACBOOK_AIR_M2,5
U0346,SAMSUNG_S24,5
U0347,IPHONE_16_256,4
U0347,MACBOOK_AIR_M2,4
U0347,ONEPLUS_13,4
U0347,SAMSUNG_S24,3
U0347,IPHONE_16_128,3
U0348,IPHONE_15_256,1
U0348,IPHONE_16_128,2
U0349,DELL_XPS_13,3
U0349,IPHONE_15_128,5
U0350,DELL_XPS_13,4
U0350,ONEPLUS_13,5
U0350,MACBOOK_AIR_M2,1
U0351,AIRPODS_PRO,3
U0351,ONEPLUS_13,4
U0352,IPHONE_16_256,3
U0352,AIRPODS_PRO,4
U0352,IPHONE_16_128,3
U0352,IPHONE_15_256,5
U0352,ONEPLUS_13,4
U0353,MACBOOK_AIR_M2,4
U0353,AIRPODS_PRO,1
U0353,SAMSUNG_S24,4
U0354,IPHONE_16_128,5
U0354,SONY_HEADPHONES,2
U0355,SONY_HEADPHONES,2
U0355,AIRPODS_PRO,3
U0355,SAMSUNG_S24,3
U0356,IPHONE_16_128,2
U0356,ONEPLUS_13,4
U0356,DELL_XPS_13,1
U0356,MACBOOK_AIR_M2,3
U0357,IPHONE_15_128,1
U0357,IPHONE_16_256,5
U0357,AIRPODS_PRO,5
U0358,IPHONE_16_128,2
U0358,ONEPLUS_13,3
U0358,SAMSUNG_S24,3
U0359,ONEPLUS_13,1
U0359,SAMSUNG_S24,4
U0360,ONEPLUS_13,2
U0360,SAMSUNG_S24,5
U0360,IPHONE_15_256,4
U0360,SONY_HEADPHONES,3
U0360,DELL_XPS_13,1
U0361,SAMSUNG_S24,5
U0361,IPHONE_15_128,1
U0361,MACBOOK_AIR_M2,3
U0362,ONEPLUS_13,5
U0362,IPHONE_16_128,3
U0362,DELL_XPS_13,5
U0362,MACBOOK_AIR_M2,2
U0363,AIRPODS_PRO,3
U0363,SAMSUNG_S24,1
U0363,IPHONE_15_128,2
U0364,AIRPODS_PRO,2
U0364,IPHONE_15_256,3
U0364,IPHONE_15_128,3
U0364,IPHONE_16_256,5
U0365,AIRPODS_PRO,5
U0365,IPHONE_15_128,4
U0365,MACBOOK_AIR_M2,4
U0365,DELL_XPS_13,3
U0366,AIRPODS_PRO,1
U0366,ONEPLUS_13,3
U0366,IPHONE_15_128,4
U0366,IPHONE_16_128,2
U0366,MACBOOK_AIR_M2,3
U0367,DELL_XPS_13,5
U0367,AIRPODS_PRO,4
U0367,IPHONE_16_128,4
U0368,AIRPODS_PRO,2
U0368,ONEPLUS_13,3
U0368,SAMSUNG_S24,5
U0368,SONY_HEADPHONES,3
U0368,IPHONE_15_256,2
U0369,IPHONE_16_128,3
U0369,DELL_XPS_13,3
U0369,IPHONE_16_256,4
U0369,SONY_HEADPHONES,5
U0370,MACBOOK_AIR_M2,2
U0370,SAMSUNG_S24,5
U0370,IPHONE_16_128,3
U0371,IPHONE_15_128,1
U0371,SONY_HEADPHONES,4
U0371,AIRPODS_PRO,1
U0371,ONEPLUS_13,2
U0372,IPHONE_15_128,3
U0372,SAMSUNG_S24,4
U0373,ONEPLUS_13,3
U0373,SONY_HEADPHONES,5
U0374,SAMSUNG_S24,2
U0374,IPHONE_16_128,4
U0374,IPHONE_15_256,1
U0375,SONY_HEADPHONES,3
U0375,IPHONE_15_256,4
U0375,SAMSUNG_S24,2
U0375,IPHONE_16_256,1
U0376,IPHONE_15_128,1
U0376,SAMSUNG_S24,2
U0376,IPHONE_15_256,1
U0376,ONEPLUS_13,3
U0377,SAMSUNG_S24,4
U0377,IPHONE_15_256,5
U0378,SAMSUNG_S24,3
U0378,DELL_XPS_13,4
U0378,IPHONE_16_256,4
U0379,IPHONE_16_128,1
U0379,AIRPODS_PRO,4
U0379,IPHONE_15_256,3
U0379,IPHONE_15_128,1
U0379,MACBOOK_AIR_M2,3
U0380,IPHONE_15_256,3
U0380,SAMSUNG_S24,4
U0381,IPHONE_15_128,3
U0381,ONEPLUS_13,3
U0382,IPHONE_15_128,3
U0382,SAMSUNG_S24,2
U0382,IPHONE_16_128,2
U0382,DELL_XPS_13,2
U0383,IPHONE_15_128,1
U0383,IPHONE_15_256,5
U0383,AIRPODS_PRO,2
U0384,IPHONE_16_256,4
U0384,SONY_HEADPHONES,3
U0384,SAMSUNG_S24,1
U0384,AIRPODS_PRO,3
U0385,IPHONE_15_256,1
U0385,SONY_HEADPHONES,3
U0385,ONEPLUS_13,5
U0385,IPHONE_16_128,3
U0385,DELL_XPS_13,3
U0386,MACBOOK_AIR_M2,2
U0386,DELL_XPS_13,4
U0386,AIRPODS_PRO,2
U0387,IPHONE_15_256,3
U0387,DELL_XPS_13,5
U0387,ONEPLUS_13,3
U0387,SONY_HEADPHONES,2
U0387,IPHONE_16_256,4
U0388,IPHONE_16_128,3
U0388,SAMSUNG_S24,4
U0388,IPHONE_15_256,3
U0389,DELL_XPS_13,3
U0389,IPHONE_15_128,3
U0389,AIRPODS_PRO,4
U0389,MACBOOK_AIR_M2,1
U0389,IPHONE_15_256,4
U0390,DELL_XPS_13,5
U0390,IPHONE_16_256,3
U0390,SONY_HEADPHONES,5
U0390,IPHONE_16_128,1
U0391,SAMSUNG_S24,4
U0391,IPHONE_15_128,4
U0391,AIRPODS_PRO,1
U0391,MACBOOK_AIR_M2,3
U0392,SAMSUNG_S24,3
U0392,IPHONE_16_128,1
U0393,IPHONE_15_256,4
U0393,SONY_HEADPHONES,4
U0393,ONEPLUS_13,3
U0394,IPHONE_15_256,1
U0394,ONEPLUS_13,4
U0395,IPHONE_16_256,2
U0395,AIRPODS_PRO,4
U0396,IPHONE_16_128,5
U0396,IPHONE_15_256,1
U0397,IPHONE_16_128,1
U0397,IPHONE_16_256,4
U0397,AIRPODS_PRO,3
U0397,IPHONE_15_256,1
U0398,IPHONE_16_128,5
U0398,IPHONE_15_128,2
U0398,IPHONE_16_256,4
U0398,AIRPODS_PRO,4
U0399,IPHONE_16_128,4
U0399,IPHONE_15_256,3
U0399,AIRPODS_PRO,4
U0400,SONY_HEADPHONES,3
U0400,AIRPODS_PRO,4
U0401,IPHONE_15_128,4
U0401,SAMSUNG_S24,5
U0402,AIRPODS_PRO,2
U0402,DELL_XPS_13,5
U0402,SONY_HEADPHONES,2
U0403,SAMSUNG_S24,5
U0403,SONY_HEADPHONES,3
U0403,IPHONE_16_128,5
U0404,IPHONE_16_256,2
U0404,IPHONE_16_128,2
U0404,DELL_XPS_13,1
U0404,ONEPLUS_13,3
U0404,AIRPODS_PRO,2
U0405,SAMSUNG_S24,4
U0405,MACBOOK_AIR_M2,2
U0405,IPHONE_15_256,4
U0405,AIRPODS_PRO,3
U0405,IPHONE_15_128,2
U0406,SAMSUNG_S24,5
U0406,IPHONE_15_256,4
U0406,AIRPODS_PRO,3
U0406,DELL_XPS_13,5
U0406,IPHONE_15_128,4
U0407,ONEPLUS_13,4
U0407,SAMSUNG_S24,5
U0407,MACBOOK_AIR_M2,5
U0407,AIRPODS_PRO,2
U0407,IPHONE_16_256,4
U0408,IPHONE_16_256,3
U0408,ONEPLUS_13,4
U0409,IPHONE_16_128,4
U0409,ONEPLUS_13,4
U0409,SONY_HEADPHONES,4
U0409,IPHONE_15_128,3
U0410,IPHONE_16_256,2
U0410,DELL_XPS_13,5
U0411,MACBOOK_AIR_M2,3
U0411,IPHONE_16_128,4
U0411,DELL_XPS_13,2
U0412,IPHONE_15_256,4
U0412,DELL_XPS_13,2
U0412,IPHONE_15_128,4
U0412,IPHONE_16_256,3
U0413,SONY_HEADPHONES,5
U0413,ONEPLUS_13,2
U0413,MACBOOK_AIR_M2,3
U0414,DELL_XPS_13,3
U0414,IPHONE_15_256,1
U0414,MACBOOK_AIR_M2,5
U0414,SONY_HEADPHONES,2
U0415,IPHONE_15_128,2
U0415,IPHONE_16_256,5
U0416,IPHONE_15_128,4
U0416,MACBOOK_AIR_M2,2
U0416,DELL_XPS_13,2
U0416,SONY_HEADPHONES,2
U0417,IPHONE_16_128,2
U0417,SONY_HEADPHONES,2
U0417,AIRPODS_PRO,5
U0418,IPHONE_16_256,1
U0418,IPHONE_16_128,4
U0419,ONEPLUS_13,2
U0419,DELL_XPS_13,5
U0419,IPHONE_15_256,2
U0420,IPHONE_15_128,3
U0420,SONY_HEADPHONES,4
U0420,ONEPLUS_13,1
U0420,IPHONE_16_256,4
U0420,SAMSUNG_S24,2
U0421,IPHONE_16_256,3
U0421,SONY_HEADPHONES,4
U0421,ONEPLUS_13,4
U0421,AIRPODS_PRO,4
U0421,DELL_XPS_13,4
U0422,IPHONE_16_128,5
U0422,SAMSUNG_S24,3
U0422,IPHONE_15_128,3
U0422,MACBOOK_AIR_M2,1
U0423,SONY_HEADPHONES,3
U0423,MACBOOK_AIR_M2,3
U0423,DELL_XPS_13,1
U0423,SAMSUNG_S24,5
U0423,ONEPLUS_13,5
U0424,IPHONE_16_256,3
U0424,SONY_HEADPHONES,3
U0424,IPHONE_15_256,3
U0425,AIRPODS_PRO,5
U0425,IPHONE_16_128,5
U0425,IPHONE_16_256,5
U0425,MACBOOK_AIR_M2,3
U0426,SONY_HEADPHONES,2
U0426,IPHONE_15_128,1
U0427,MACBOOK_AIR_M2,1
U0427,IPHONE_16_128,3
U0427,AIRPODS_PRO,3
U0427,SONY_HEADPHONES,3
U0427,DELL_XPS_13,4
U0428,MACBOOK_AIR_M2,2
U0428,IPHONE_16_128,4
U0429,IPHONE_15_128,3
U0429,AIRPODS_PRO,3
U0430,SONY_HEADPHONES,2
U0430,MACBOOK_AIR_M2,3
U0430,DELL_XPS_13,5
U0430,IPHONE_15_128,1
U0431,ONEPLUS_13,2
U0431,AIRPODS_PRO,2
U0431,SAMSUNG_S24,5
U0431,IPHONE_15_256,2
U0431,IPHONE_16_128,4
U0432,IPHONE_15_256,3
U0432,IPHONE_16_128,3
U0432,ONEPLUS_13,4
U0432,AIRPODS_PRO,4
U0433,DELL_XPS_13,4
U0433,SAMSUNG_S24,5
U0433,IPHONE_15_128,3
U0433,IPHONE_16_256,1
U0433,ONEPLUS_13,4
U0434,DELL_XPS_13,3
U0434,IPHONE_15_256,3
U0434,IPHONE_15_128,3
U0434,MACBOOK_AIR_M2,3
U0434,SONY_HEADPHONES,1
U0435,AIRPODS_PRO,2
U0435,ONEPLUS_13,2
U0435,DELL_XPS_13,3
U0435,MACBOOK_AIR_M2,3
U0436,IPHONE_15_256,1
U0436,IPHONE_16_128,5
U0436,IPHONE_15_128,5
U0436,SAMSUNG_S24,2
U0437,IPHONE_15_128,4
U0437,SONY_HEADPHONES,4
U0437,IPHONE_16_128,1
U0437,SAMSUNG_S24,2
U0437,AIRPODS_PRO,3
U0438,IPHONE_16_128,2
U0438,ONEPLUS_13,1
U0438,AIRPODS_PRO,4
U0439,MACBOOK_AIR_M2,5
U0439,IPHONE_16_256,4
U0439,ONEPLUS_13,2
U0439,AIRPODS_PRO,3
U0439,SONY_HEADPHONES,5
U0440,AIRPODS_PRO,2
U0440,ONEPLUS_13,5
U0440,IPHONE_15_256,3
U0440,IPHONE_16_256,5
U0441,SONY_HEADPHONES,1
U0441,MACBOOK_AIR_M2,1
U0442,ONEPLUS_13,3
U0442,AIRPODS_PRO,1
U0442,IPHONE_16_128,2
U0443,AIRPODS_PRO,2
U0443,SAMSUNG_S24,2
U0444,AIRPODS_PRO,4
U0444,ONEPLUS_13,5
U0445,IPHONE_15_256,5
U0445,IPHONE_16_256,4
U0446,DELL_XPS_13,1
U0446,IPHONE_16_128,3
U0447,IPHONE_15_128,3
U0447,IPHONE_16_128,4
U0448,SONY_HEADPHONES,1
U0448,IPHONE_15_128,1
U0448,IPHONE_16_128,1
U0449,MACBOOK_AIR_M2,3
U0449,AIRPODS_PRO,2
U0449,IPHONE_15_128,3
U0449,DELL_XPS_13,1
U0450,IPHONE_16_256,3
U0450,IPHONE_16_128,4
U0450,SONY_HEADPHONES,5
U0450,IPHONE_15_256,4
U0451,SONY_HEADPHONES,3
U0451,ONEPLUS_13,2
U0451,IPHONE_16_256,4
U0451,SAMSUNG_S24,3
U0451,IPHONE_16_128,4
U0452,DELL_XPS_13,4
U0452,SAMSUNG_S24,2
U0452,ONEPLUS_13,4
U0452,IPHONE_15_128,5
U0452,SONY_HEADPHONES,4
U0453,IPHONE_15_256,3
U0453,ONEPLUS_13,2
U0454,MACBOOK_AIR_M2,3
U0454,AIRPODS_PRO,4
U0454,SAMSUNG_S24,4
U0454,IPHONE_15_256,2
U0454,IPHONE_15_128,3
U0455,IPHONE_15_128,3
U0455,DELL_XPS_13,5
U0456,IPHONE_15_256,2
U0456,MACBOOK_AIR_M2,2
U0456,AIRPODS_PRO,4
U0456,SAMSUNG_S24,4
U0457,AIRPODS_PRO,4
U0457,IPHONE_15_256,2
U0457,MACBOOK_AIR_M2,5
U0457,IPHONE_15_128,2
U0457,IPHONE_16_128,2
U0458,IPHONE_16_256,1
U0458,IPHONE_15_128,3
U0458,AIRPODS_PRO,5
U0458,SONY_HEADPHONES,3
U0459,IPHONE_16_256,3
U0459,IPHONE_15_256,2
U0459,SAMSUNG_S24,4
U0460,DELL_XPS_13,3
U0460,IPHONE_15_128,4
U0460,IPHONE_16_256,4
U0460,IPHONE_15_256,3
U0461,SONY_HEADPHONES,3
U0461,IPHONE_16_256,2
U0461,IPHONE_15_128,2
U0461,ONEPLUS_13,3
U0462,IPHONE_16_256,3
U0462,IPHONE_15_128,4
U0462,ONEPLUS_13,4
U0462,DELL_XPS_13,4
U0462,SAMSUNG_S24,3
U0463,MACBOOK_AIR_M2,2
U0463,IPHONE_16_128,5
U0464,IPHONE_16_128,4
U0464,DELL_XPS_13,5
U0464,SONY_HEADPHONES,2
U0465,AIRPODS_PRO,5
U0465,IPHONE_16_128,3
U0465,IPHONE_15_256,4
U0465,IPHONE_16_256,5
U0465,ONEPLUS_13,2
U0466,SAMSUNG_S24,2
U0466,DELL_XPS_13,1
U0467,IPHONE_16_256,4
U0467,DELL_XPS_13,3
U0468,SONY_HEADPHONES,2
U0468,SAMSUNG_S24,1
U0468,ONEPLUS_13,4
U0468,IPHONE_16_256,3
U0468,IPHONE_16_128,1
U0469,MACBOOK_AIR_M2,3
U0469,SONY_HEADPHONES,5
U0469,DELL_XPS_13,3
U0469,IPHONE_15_128,3
U0469,IPHONE_16_128,4
U0470,IPHONE_16_128,3
U0470,ONEPLUS_13,4
U0470,SAMSUNG_S24,2
U0470,AIRPODS_PRO,3
U0470,IPHONE_16_256,3
U0471,AIRPODS_PRO,4
U0471,IPHONE_15_256,3
U0471,SAMSUNG_S24,2
U0472,IPHONE_16_128,4
U0472,SAMSUNG_S24,2
U0472,IPHONE_16_256,3
U0473,SAMSUNG_S24,1
U0473,MACBOOK_AIR_M2,2
U0473,IPHONE_15_128,4
U0474,IPHONE_16_256,4
U0474,ONEPLUS_13,4
U0474,AIRPODS_PRO,2
U0474,SAMSUNG_S24,1
U0474,IPHONE_15_256,2
U0475,DELL_XPS_13,2
U0475,AIRPODS_PRO,4
U0475,IPHONE_16_128,4
U0475,IPHONE_15_128,2
U0476,IPHONE_15_256,2
U0476,IPHONE_16_256,3
U0476,AIRPODS_PRO,3
U0476,IPHONE_15_128,1
U0477,MACBOOK_AIR_M2,3
U0477,SAMSUNG_S24,4
U0477,IPHONE_15_256,4
U0477,AIRPODS_PRO,5
U0477,IPHONE_15_128,2
U0478,SAMSUNG_S24,2
U0478,DELL_XPS_13,3
U0478,IPHONE_16_128,2
U0478,ONEPLUS_13,2
U0478,IPHONE_15_256,2
U0479,IPHONE_16_128,2
U0479,IPHONE_15_128,3
U0479,ONEPLUS_13,5
U0480,IPHONE_16_128,5
U0480,SAMSUNG_S24,5
U0480,MACBOOK_AIR_M2,1
U0480,ONEPLUS_13,3
U0481,DELL_XPS_13,4
U0481,IPHONE_15_256,4
U0481,ONEPLUS_13,1
U0482,MACBOOK_AIR_M2,2
U0482,DELL_XPS_13,4
U0482,SAMSUNG_S24,3
U0482,SONY_HEADPHONES,3
U0482,IPHONE_16_128,1
U0483,IPHONE_16_128,4
U0483,AIRPODS_PRO,5
U0483,MACBOOK_AIR_M2,3
U0483,SONY_HEADPHONES,3
U0483,IPHONE_15_128,4
U0484,IPHONE_16_128,3
U0484,SAMSUNG_S24,4
U0485,DELL_XPS_13,1
U0485,IPHONE_16_256,4
U0485,IPHONE_15_256,3
U0485,IPHONE_16_128,3
U0485,SAMSUNG_S24,1
U0486,MACBOOK_AIR_M2,4
U0486,IPHONE_15_128,2
U0486,IPHONE_16_256,3
U0486,IPHONE_16_128,1
U0486,ONEPLUS_13,3
U0487,AIRPODS_PRO,4
U0487,IPHONE_15_128,2
U0487,SONY_HEADPHONES,4
U0487,ONEPLUS_13,3
U0487,DELL_XPS_13,5
U0488,AIRPODS_PRO,1
U0488,IPHONE_15_128,3
U0488,SAMSUNG_S24,5
U0488,MACBOOK_AIR_M2,1
U0488,ONEPLUS_13,2
U0489,AIRPODS_PRO,4
U0489,MACBOOK_AIR_M2,4
U0490,DELL_XPS_13,2
U0490,IPHONE_15_128,1
U0490,IPHONE_15_256,3
U0491,SAMSUNG_S24,5
U0491,AIRPODS_PRO,3
U0492,SAMSUNG_S24,2
U0492,MACBOOK_AIR_M2,2
U0492,IPHONE_15_128,1
U0492,IPHONE_16_128,2
U0492,IPHONE_16_256,3
U0493,ONEPLUS_13,2
U0493,IPHONE_16_256,4
U0494,ONEPLUS_13,2
U0494,IPHONE_16_128,2
U0494,AIRPODS_PRO,5
U0494,MACBOOK_AIR_M2,5
U0495,SAMSUNG_S24,3
U0495,IPHONE_15_256,1
U0496,MACBOOK_AIR_M2,4
U0496,IPHONE_16_256,1
U0497,DELL_XPS_13,1
U0497,AIRPODS_PRO,3
U0497,IPHONE_15_128,4
U0497,MACBOOK_AIR_M2,4
U0497,IPHONE_16_256,4
U0498,DELL_XPS_13,4
U0498,IPHONE_16_256,5
U0498,SAMSUNG_S24,3
U0498,IPHONE_15_128,3
U0499,IPHONE_15_128,2
U0499,DELL_XPS_13,4
U0499,SONY_HEADPHONES,1
U0499,MACBOOK_AIR_M2,1
U0500,IPHONE_16_256,1
U0500,SONY_HEADPHONES,5
U0500,MACBOOK_AIR_M2,5
U0500,AIRPODS_PRO,2
U0500,IPHONE_15_128,1
U0501,AIRPODS_PRO,5
U0501,DELL_XPS_13,3
U0501,IPHONE_16_128,2
U0501,MACBOOK_AIR_M2,1
U0502,SAMSUNG_S24,4
U0502,IPHONE_15_128,2
U0502,IPHONE_16_256,3
U0503,SAMSUNG_S24,2
U0503,SONY_HEADPHONES,2
U0503,IPHONE_15_256,1
U0503,AIRPODS_PRO,4
U0504,ONEPLUS_13,3
U0504,MACBOOK_AIR_M2,5
U0504,SAMSUNG_S24,4
U0504,DELL_XPS_13,1
U0505,AIRPODS_PRO,3
U0505,MACBOOK_AIR_M2,5
U0505,ONEPLUS_13,1
U0505,IPHONE_16_128,4
U0505,SONY_HEADPHONES,2
U0506,SAMSUNG_S24,2
U0506,DELL_XPS_13,4
U0506,IPHONE_15_128,4
U0507,AIRPODS_PRO,4
U0507,MACBOOK_AIR_M2,5
U0507,IPHONE_16_256,2
U0508,SAMSUNG_S24,3
U0508,IPHONE_16_128,4
U0508,IPHONE_16_256,3
U0509,ONEPLUS_13,4
U0509,MACBOOK_AIR_M2,2
U0510,IPHONE_15_256,5
U0510,IPHONE_16_256,4
U0510,AIRPODS_PRO,3
U0511,IPHONE_16_128,3
U0511,IPHONE_16_256,4
U0511,AIRPODS_PRO,5
U0511,IPHONE_15_128,3
U0511,ONEPLUS_13,5
U0512,AIRPODS_PRO,4
U0512,MACBOOK_AIR_M2,2
U0512,IPHONE_15_128,3
U0513,SAMSUNG_S24,2
U0513,MACBOOK_AIR_M2,1
U0514,MACBOOK_AIR_M2,3
U0514,IPHONE_15_128,3
U0515,SAMSUNG_S24,1
U0515,SONY_HEADPHONES,2
U0515,IPHONE_16_256,1
U0515,AIRPODS_PRO,1
U0515,ONEPLUS_13,1
U0516,MACBOOK_AIR_M2,4
U0516,SONY_HEADPHONES,1
U0516,IPHONE_16_256,2
U0516,IPHONE_15_128,2
U0517,SAMSUNG_S24,1
U0517,IPHONE_16_256,3
U0517,IPHONE_16_128,5
U0518,IPHONE_16_256,3
U0518,IPHONE_15_128,5
U0518,DELL_XPS_13,3
U0518,ONEPLUS_13,3
U0519,IPHONE_16_128,4
U0519,IPHONE_15_256,2
U0520,IPHONE_16_128,3
U0520,MACBOOK_AIR_M2,4
U0520,IPHONE_16_256,5
U0521,IPHONE_15_256,4
U0521,ONEPLUS_13,1
U0522,IPHONE_16_256,2
U0522,IPHONE_15_128,2
U0522,SONY_HEADPHONES,5
U0522,SAMSUNG_S24,4
U0523,IPHONE_16_256,4
U0523,SAMSUNG_S24,1
U0524,IPHONE_15_256,2
U0524,AIRPODS_PRO,2
U0524,SAMSUNG_S24,3
U0524,MACBOOK_AIR_M2,3
U0525,ONEPLUS_13,2
U0525,IPHONE_16_256,1
U0525,DELL_XPS_13,4
U0526,SAMSUNG_S24,5
U0526,MACBOOK_AIR_M2,5
U0526,IPHONE_15_256,5
U0526,AIRPODS_PRO,2
U0527,MACBOOK_AIR_M2,2
U0527,SAMSUNG_S24,3
U0527,IPHONE_15_128,2
U0527,ONEPLUS_13,1
U0527,SONY_HEADPHONES,1
U0528,AIRPODS_PRO,3
U0528,IPHONE_16_128,1
U0529,ONEPLUS_13,2
U0529,IPHONE_16_256,3
U0529,IPHONE_16_128,4
U0530,IPHONE_15_256,5
U0530,IPHONE_15_128,5
U0530,DELL_XPS_13,5
U0530,IPHONE_16_128,3
U0530,AIRPODS_PRO,3
U0531,IPHONE_15_256,5
U0531,SONY_HEADPHONES,1
U0531,IPHONE_16_256,1
U0531,MACBOOK_AIR_M2,5
U0532,ONEPLUS_13,2
U0532,IPHONE_16_128,4
U0532,SONY_HEADPHONES,4
U0532,IPHONE_15_256,1
U0533,AIRPODS_PRO,4
U0533,DELL_XPS_13,4
U0533,IPHONE_15_128,4
U0533,SAMSUNG_S24,4
U0533,MACBOOK_AIR_M2,2
U0534,IPHONE_15_128,3
U0534,IPHONE_16_128,5
U0534,ONEPLUS_13,2
U0534,AIRPODS_PRO,4
U0534,IPHONE_15_256,4
U0535,IPHONE_15_128,2
U0535,ONEPLUS_13,5
U0535,IPHONE_16_128,1
U0535,DELL_XPS_13,1
U0535,IPHONE_15_256,3
U0536,AIRPODS_PRO,3
U0536,MACBOOK_AIR_M2,3
U0536,DELL_XPS_13,4
U0536,IPHONE_15_256,3
U0537,ONEPLUS_13,2
U0537,AIRPODS_PRO,1
U0537,IPHONE_15_256,4
U0537,IPHONE_16_256,1
U0537,SAMSUNG_S24,5
U0538,SONY_HEADPHONES,1
U0538,AIRPODS_PRO,3
U0538,SAMSUNG_S24,2
U0539,ONEPLUS_13,4
U0539,IPHONE_15_128,2
U0539,SAMSUNG_S24,1
U0539,SONY_HEADPHONES,3
U0540,IPHONE_15_256,4
U0540,DELL_XPS_13,1
U0540,IPHONE_16_256,3
U0540,SONY_HEADPHONES,4
U0540,IPHONE_16_128,3
U0541,IPHONE_15_256,4
U0541,IPHONE_15_128,2
U0541,IPHONE_16_128,3
U0541,SONY_HEADPHONES,4
U0542,IPHONE_15_256,2
U0542,SONY_HEADPHONES,2
U0542,AIRPODS_PRO,4
U0543,ONEPLUS_13,3
U0543,IPHONE_16_128,3
U0544,IPHONE_16_128,2
U0544,IPHONE_15_256,2
U0545,SONY_HEADPHONES,2
U0545,IPHONE_16_256,1
U0545,DELL_XPS_13,4
U0545,IPHONE_15_256,4
U0545,ONEPLUS_13,2
U0546,IPHONE_16_128,4
U0546,MACBOOK_AIR_M2,5
U0547,SONY_HEADPHONES,1
U0547,IPHONE_16_256,4
U0548,SAMSUNG_S24,2
U0548,MACBOOK_AIR_M2,4
U0549,SONY_HEADPHONES,3
U0549,DELL_XPS_13,3
U0549,IPHONE_16_128,1
U0549,SAMSUNG_S24,3
U0549,AIRPODS_PRO,2
U0550,IPHONE_16_256,4
U0550,IPHONE_15_256,1
U0550,DELL_XPS_13,2
U0550,IPHONE_15_128,4
U0551,IPHONE_15_256,3
U0551,IPHONE_16_256,4
U0552,IPHONE_16_256,4
U0552,IPHONE_16_128,4
U0552,MACBOOK_AIR_M2,4
U0552,IPHONE_15_256,2
U0553,IPHONE_16_128,3
U0553,SONY_HEADPHONES,3
U0553,SAMSUNG_S24,3
U0553,IPHONE_16_256,1
U0553,IPHONE_15_256,1
U0554,SAMSUNG_S24,2
U0554,DELL_XPS_13,4
U0554,IPHONE_16_256,2
U0554,IPHONE_15_128,3
U0554,SONY_HEADPHONES,1
U0555,IPHONE_15_128,3
U0555,SONY_HEADPHONES,2
U0555,AIRPODS_PRO,5
U0555,MACBOOK_AIR_M2,3
U0555,IPHONE_16_128,3
U0556,SONY_HEADPHONES,2
U0556,IPHONE_16_128,2
U0556,IPHONE_15_128,2
U0557,ONEPLUS_13,2
U0557,SAMSUNG_S24,4
U0558,IPHONE_16_256,4
U0558,SAMSUNG_S24,4
U0558,SONY_HEADPHONES,3
U0559,SAMSUNG_S24,1
U0559,ONEPLUS_13,5
U0559,IPHONE_15_128,2
U0559,IPHONE_15_256,4
U0559,IPHONE_16_256,5
U0560,IPHONE_16_128,3
U0560,IPHONE_15_256,4
U0561,AIRPODS_PRO,2
U0561,IPHONE_16_256,5
U0561,IPHONE_15_128,1
U0562,IPHONE_16_256,5
U0562,IPHONE_15_256,3
U0562,DELL_XPS_13,2
U0562,IPHONE_16_128,3
U0563,SONY_HEADPHONES,2
U0563,IPHONE_15_128,1
U0564,DELL_XPS_13,4
U0564,IPHONE_15_256,2
U0564,MACBOOK_AIR_M2,2
U0564,IPHONE_15_128,3
U0565,MACBOOK_AIR_M2,3
U0565,IPHONE_16_256,3
U0565,IPHONE_15_128,1
U0566,IPHONE_16_128,4
U0566,IPHONE_16_256,1
U0566,SONY_HEADPHONES,4
U0567,IPHONE_15_256,4
U0567,IPHONE_16_128,2
U0568,ONEPLUS_13,2
U0568,DELL_XPS_13,5
U0568,IPHONE_15_256,1
U0569,MACBOOK_AIR_M2,1
U0569,SAMSUNG_S24,2
U0569,ONEPLUS_13,3
U0569,DELL_XPS_13,4
U0569,IPHONE_16_128,4
U0570,IPHONE_15_256,2
U0570,MACBOOK_AIR_M2,3
U0570,AIRPODS_PRO,3
U0570,IPHONE_16_256,2
U0570,IPHONE_16_128,5
U0571,MACBOOK_AIR_M2,3
U0571,SONY_HEADPHONES,2
U0571,IPHONE_15_128,1
U0571,DELL_XPS_13,2
U0572,ONEPLUS_13,4
U0572,DELL_XPS_13,4
U0573,IPHONE_15_256,4
U0573,DELL_XPS_13,5
U0573,IPHONE_15_128,1
U0573,IPHONE_16_256,4
U0574,SONY_HEADPHONES,2
U0574,MACBOOK_AIR_M2,4
U0574,IPHONE_16_256,3
U0574,IPHONE_15_128,1
U0574,IPHONE_16_128,3
U0575,SAMSUNG_S24,3
U0575,ONEPLUS_13,2
U0575,MACBOOK_AIR_M2,3
U0575,AIRPODS_PRO,3
U0575,IPHONE_15_256,5
U0576,SONY_HEADPHONES,5
U0576,IPHONE_15_128,2
U0577,MACBOOK_AIR_M2,4
U0577,IPHONE_15_128,2
U0577,SAMSUNG_S24,2
U0577,IPHONE_15_256,1
U0577,IPHONE_16_256,3
U0578,SONY_HEADPHONES,2
U0578,IPHONE_16_256,1
U0578,IPHONE_15_256,4
U0578,MACBOOK_AIR_M2,4
U0578,DELL_XPS_13,3
U0579,SONY_HEADPHONES,5
U0579,DELL_XPS_13,1
U0579,ONEPLUS_13,4
U0579,IPHONE_15_256,2
U0580,SONY_HEADPHONES,4
U0580,IPHONE_16_256,3
U0581,IPHONE_16_128,3
U0581,ONEPLUS_13,5
U0581,DELL_XPS_13,4
U0581,IPHONE_15_256,1
U0581,IPHONE_16_256,1
U0582,IPHONE_16_256,3
U0582,SAMSUNG_S24,4
U0582,MACBOOK_AIR_M2,4
U0583,ONEPLUS_13,4
U0583,IPHONE_15_128,2
U0583,SONY_HEADPHONES,4
U0583,IPHONE_16_128,2
U0583,AIRPODS_PRO,2
U0584,SAMSUNG_S24,3
U0584,MACBOOK_AIR_M2,4
U0584,ONEPLUS_13,2
U0584,SONY_HEADPHONES,2
U0584,IPHONE_15_256,2
U0585,SONY_HEADPHONES,3
U0585,AIRPODS_PRO,2
U0585,DELL_XPS_13,4
U0586,DELL_XPS_13,5
U0586,IPHONE_15_256,2
U0587,ONEPLUS_13,5
U0587,IPHONE_16_256,5
U0587,AIRPODS_PRO,4
U0587,IPHONE_15_128,3
U0587,DELL_XPS_13,2
U0588,IPHONE_15_128,2
U0588,IPHONE_15_256,1
U0588,MACBOOK_AIR_M2,2
U0588,SONY_HEADPHONES,3
U0589,SAMSUNG_S24,3
U0589,ONEPLUS_13,4
U0589,IPHONE_16_256,2
U0589,MACBOOK_AIR_M2,2
U0589,IPHONE_16_128,2
U0590,AIRPODS_PRO,4
U0590,SAMSUNG_S24,4
U0590,SONY_HEADPHONES,3
U0590,IPHONE_15_256,1
U0591,ONEPLUS_13,5
U0591,DELL_XPS_13,5
U0591,IPHONE_15_256,1
U0592,DELL_XPS_13,2
U0592,SONY_HEADPHONES,3
U0592,ONEPLUS_13,3
U0592,IPHONE_15_256,2
U0592,AIRPODS_PRO,5
U0593,MACBOOK_AIR_M2,3
U0593,AIRPODS_PRO,4
U0593,IPHONE_15_256,2
U0593,SONY_HEADPHONES,1
U0594,MACBOOK_AIR_M2,3
U0594,ONEPLUS_13,2
U0594,DELL_XPS_13,1
U0594,IPHONE_15_128,2
U0595,IPHONE_16_256,5
U0595,IPHONE_15_128,2
U0595,DELL_XPS_13,1
U0596,DELL_XPS_13,3
U0596,ONEPLUS_13,3
U0597,SAMSUNG_S24,1
U0597,ONEPLUS_13,1
U0597,IPHONE_16_128,4
U0597,SONY_HEADPHONES,5
U0598,IPHONE_15_128,4
U0598,IPHONE_16_256,4
U0598,ONEPLUS_13,3
U0598,AIRPODS_PRO,4
U0599,IPHONE_15_128,3
U0599,IPHONE_16_128,4
U0599,IPHONE_16_256,3
U0599,ONEPLUS_13,3
U0599,IPHONE_15_256,4
U0600,SAMSUNG_S24,1
U0600,ONEPLUS_13,1
U0600,AIRPODS_PRO,2
U0601,SAMSUNG_S24,4
U0601,SONY_HEADPHONES,4
U0602,IPHONE_15_128,4
U0602,SAMSUNG_S24,2
U0602,IPHONE_15_256,5
U0603,DELL_XPS_13,3
U0603,IPHONE_15_128,3
U0603,IPHONE_16_128,3
U0603,IPHONE_16_256,4
U0603,ONEPLUS_13,1
U0604,SONY_HEADPHONES,4
U0604,IPHONE_15_128,4
U0605,DELL_XPS_13,3
U0605,SAMSUNG_S24,3
U0605,ONEPLUS_13,3
U0606,SAMSUNG_S24,1
U0606,AIRPODS_PRO,3
U0607,IPHONE_16_256,5
U0607,SAMSUNG_S24,4
U0607,MACBOOK_AIR_M2,5
U0608,IPHONE_16_256,5
U0608,MACBOOK_AIR_M2,1
U0609,IPHONE_15_128,1
U0609,AIRPODS_PRO,2
U0609,IPHONE_16_128,2
U0609,SAMSUNG_S24,3
U0609,ONEPLUS_13,3
U0610,SAMSUNG_S24,5
U0610,IPHONE_15_128,4
U0610,IPHONE_15_256,4
U0610,SONY_HEADPHONES,5
U0610,IPHONE_16_128,3
U0611,IPHONE_15_128,2
U0611,SAMSUNG_S24,4
U0611,IPHONE_16_256,4
U0612,ONEPLUS_13,3
U0612,AIRPODS_PRO,3
U0613,SAMSUNG_S24,2
U0613,AIRPODS_PRO,4
U0613,IPHONE_15_128,2
U0613,IPHONE_16_256,3
U0614,ONEPLUS_13,2
U0614,SAMSUNG_S24,3
U0614,IPHONE_15_128,1
U0615,SONY_HEADPHONES,5
U0615,ONEPLUS_13,3
U0616,IPHONE_15_256,5
U0616,IPHONE_15_128,3
U0617,SONY_HEADPHONES,2
U0617,IPHONE_16_128,4
U0617,ONEPLUS_13,1
U0618,SONY_HEADPHONES,4
U0618,IPHONE_15_128,3
U0618,IPHONE_16_256,5
U0619,SONY_HEADPHONES,2
U0619,AIRPODS_PRO,3
U0620,IPHONE_16_128,4
U0620,AIRPODS_PRO,2
U0620,IPHONE_16_256,2
U0620,MACBOOK_AIR_M2,3
U0620,SAMSUNG_S24,4
U0621,IPHONE_15_128,4
U0621,DELL_XPS_13,4
U0621,IPHONE_16_128,3
U0622,ONEPLUS_13,2
U0622,IPHONE_16_256,5
U0622,SONY_HEADPHONES,2
U0622,IPHONE_16_128,2
U0622,DELL_XPS_13,3
U0623,ONEPLUS_13,2
U0623,AIRPODS_PRO,1
U0623,MACBOOK_AIR_M2,4
U0624,SAMSUNG_S24,1
U0624,IPHONE_16_128,1
U0624,IPHONE_15_128,5
U0624,ONEPLUS_13,5
U0624,IPHONE_15_256,2
U0625,IPHONE_16_256,4
U0625,SAMSUNG_S24,3
U0625,DELL_XPS_13,2
U0625,SONY_HEADPHONES,2
U0625,AIRPODS_PRO,4
U0626,AIRPODS_PRO,2
U0626,IPHONE_15_128,1
U0626,DELL_XPS_13,4
U0626,IPHONE_15_256,3
U0627,ONEPLUS_13,3
U0627,SAMSUNG_S24,3
U0627,SONY_HEADPHONES,5
U0627,IPHONE_15_128,5
U0628,IPHONE_15_256,3
U0628,SONY_HEADPHONES,4
U0629,IPHONE_16_128,2
U0629,SONY_HEADPHONES,5
U0629,ONEPLUS_13,3
U0630,ONEPLUS_13,3
U0630,DELL_XPS_13,2
U0630,IPHONE_15_128,3
U0630,SONY_HEADPHONES,2
U0630,IPHONE_16_128,4
U0631,IPHONE_15_256,1
U0631,SAMSUNG_S24,4
U0631,DELL_XPS_13,2
U0631,MACBOOK_AIR_M2,3
U0631,IPHONE_15_128,4
U0632,DELL_XPS_13,5
U0632,AIRPODS_PRO,5
U0632,SONY_HEADPHONES,4
U0632,IPHONE_15_256,1
U0633,IPHONE_15_256,4
U0633,IPHONE_16_128,3
U0633,IPHONE_15_128,2
U0633,SAMSUNG_S24,4
U0633,MACBOOK_AIR_M2,3
U0634,IPHONE_15_256,5
U0634,SAMSUNG_S24,5
U0634,IPHONE_16_128,4
U0634,IPHONE_16_256,2
U0635,DELL_XPS_13,5
U0635,IPHONE_15_256,5
U0636,ONEPLUS_13,3
U0636,SONY_HEADPHONES,3
U0637,AIRPODS_PRO,5
U0637,DELL_XPS_13,3
U0637,MACBOOK_AIR_M2,5
U0637,IPHONE_16_128,5
U0638,AIRPODS_PRO,4
U0638,DELL_XPS_13,4
U0638,IPHONE_16_256,3
U0638,ONEPLUS_13,3
U0639,SONY_HEADPHONES,2
U0639,SAMSUNG_S24,3
U0639,AIRPODS_PRO,2
U0639,ONEPLUS_13,3
U0640,SAMSUNG_S24,3
U0640,ONEPLUS_13,1
U0640,SONY_HEADPHONES,3
U0641,DELL_XPS_13,2
U0641,IPHONE_15_256,5
U0641,IPHONE_16_256,2
U0642,MACBOOK_AIR_M2,3
U0642,DELL_XPS_13,3
U0642,SONY_HEADPHONES,1
U0642,IPHONE_16_128,1
U0643,IPHONE_16_128,3
U0643,SAMSUNG_S24,3
U0643,DELL_XPS_13,3
U0644,MACBOOK_AIR_M2,3
U0644,SONY_HEADPHONES,4
U0644,IPHONE_15_128,4
U0645,DELL_XPS_13,2
U0645,IPHONE_15_256,4
U0645,SAMSUNG_S24,3
U0645,SONY_HEADPHONES,1
U0645,MACBOOK_AIR_M2,4
U0646,DELL_XPS_13,2
U0646,ONEPLUS_13,5
U0646,IPHONE_15_128,3
U0646,SONY_HEADPHONES,5
U0646,MACBOOK_AIR_M2,2
U0647,IPHONE_15_128,4
U0647,SAMSUNG_S24,2
U0647,IPHONE_16_128,1
U0647,ONEPLUS_13,1
U0647,IPHONE_16_256,3
U0648,AIRPODS_PRO,2
U0648,MACBOOK_AIR_M2,1
U0648,SONY_HEADPHONES,2
U0648,IPHONE_15_256,1
U0649,SAMSUNG_S24,4
U0649,IPHONE_16_256,3
U0649,ONEPLUS_13,5
U0649,IPHONE_15_128,2
U0650,MACBOOK_AIR_M2,4
U0650,SONY_HEADPHONES,5
U0650,AIRPODS_PRO,2
U0651,IPHONE_16_128,1
U0651,AIRPODS_PRO,2
U0651,IPHONE_15_256,3
U0652,SONY_HEADPHONES,4
U0652,MACBOOK_AIR_M2,4
U0653,IPHONE_15_256,2
U0653,ONEPLUS_13,2
U0653,IPHONE_15_128,4
U0653,SONY_HEADPHONES,5
U0653,IPHONE_16_256,2
U0654,IPHONE_15_256,5
U0654,IPHONE_15_128,2
U0655,DELL_XPS_13,3
U0655,IPHONE_15_128,1
U0655,IPHONE_16_256,1
U0656,IPHONE_16_128,3
U0656,DELL_XPS_13,4
U0656,IPHONE_15_128,4
U0656,ONEPLUS_13,3
U0656,IPHONE_15_256,2
U0657,DELL_XPS_13,3
U0657,ONEPLUS_13,3
U0658,ONEPLUS_13,4
U0658,DELL_XPS_13,5
U0659,IPHONE_16_128,2
U0659,DELL_XPS_13,3
U0660,MACBOOK_AIR_M2,2
U0660,SONY_HEADPHONES,3
U0660,IPHONE_15_128,2
U0661,SAMSUNG_S24,2
U0661,DELL_XPS_13,1
U0661,SONY_HEADPHONES,1
U0661,IPHONE_16_128,2
U0662,DELL_XPS_13,2
U0662,IPHONE_16_256,4
U0662,SONY_HEADPHONES,4
U0663,DELL_XPS_13,3
U0663,AIRPODS_PRO,4
U0664,IPHONE_15_128,2
U0664,SAMSUNG_S24,3
U0664,MACBOOK_AIR_M2,4
U0665,IPHONE_15_128,4
U0665,IPHONE_16_256,3
U0665,ONEPLUS_13,4
U0665,SAMSUNG_S24,3
U0665,SONY_HEADPHONES,1
U0666,SAMSUNG_S24,2
U0666,SONY_HEADPHONES,2
U0666,DELL_XPS_13,4
U0666,IPHONE_15_128,2
U0667,DELL_XPS_13,2
U0667,MACBOOK_AIR_M2,4
U0667,IPHONE_16_256,2
U0668,DELL_XPS_13,1
U0668,SAMSUNG_S24,3
U0668,AIRPODS_PRO,1
U0668,ONEPLUS_13,5
U0668,SONY_HEADPHONES,4
U0669,MACBOOK_AIR_M2,3
U0669,IPHONE_16_256,2
U0669,DELL_XPS_13,5
U0670,IPHONE_15_128,4
U0670,IPHONE_16_256,3
U0671,ONEPLUS_13,4
U0671,SONY_HEADPHONES,3
U0672,SAMSUNG_S24,4
U0672,IPHONE_16_128,3
U0672,SONY_HEADPHONES,5
U0673,IPHONE_16_256,3
U0673,MACBOOK_AIR_M2,2
U0673,SAMSUNG_S24,5
U0673,IPHONE_15_128,4
U0674,IPHONE_16_256,3
U0674,IPHONE_15_128,2
U0675,DELL_XPS_13,3
U0675,IPHONE_16_256,4
U0675,AIRPODS_PRO,3
U0675,SAMSUNG_S24,3
U0675,SONY_HEADPHONES,4
U0676,ONEPLUS_13,3
U0676,MACBOOK_AIR_M2,1
U0676,IPHONE_16_256,2
U0676,IPHONE_16_128,1
U0676,AIRPODS_PRO,5
U0677,SAMSUNG_S24,3
U0677,ONEPLUS_13,3
U0677,SONY_HEADPHONES,2
U0677,IPHONE_16_128,3
U0678,SAMSUNG_S24,2
U0678,IPHONE_16_128,3
U0679,DELL_XPS_13,5
U0679,IPHONE_16_256,1
U0679,SAMSUNG_S24,2
U0680,MACBOOK_AIR_M2,3
U0680,IPHONE_16_256,1
U0681,IPHONE_16_256,1
U0681,ONEPLUS_13,1
U0681,DELL_XPS_13,3
U0681,IPHONE_16_128,2
U0681,SONY_HEADPHONES,1
U0682,DELL_XPS_13,5
U0682,ONEPLUS_13,4
U0682,IPHONE_15_128,4
U0683,SONY_HEADPHONES,5
U0683,IPHONE_16_256,4
U0683,AIRPODS_PRO,2
U0684,SAMSUNG_S24,5
U0684,AIRPODS_PRO,4
U0685,DELL_XPS_13,4
U0685,IPHONE_15_128,1
U0685,IPHONE_16_256,3
U0686,ONEPLUS_13,2
U0686,IPHONE_16_256,3
U0686,IPHONE_15_256,5
U0686,IPHONE_15_128,5
U0687,IPHONE_15_256,2
U0687,DELL_XPS_13,3
U0687,SAMSUNG_S24,4
U0687,IPHONE_15_128,4
U0688,ONEPLUS_13,2
U0688,SAMSUNG_S24,1
U0688,IPHONE_16_128,2
U0688,MACBOOK_AIR_M2,2
U0688,IPHONE_15_128,4
U0689,SONY_HEADPHONES,2
U0689,DELL_XPS_13,4
U0689,SAMSUNG_S24,4
U0689,IPHONE_16_256,1
U0689,MACBOOK_AIR_M2,5
U0690,IPHONE_15_256,2
U0690,DELL_XPS_13,5
U0690,AIRPODS_PRO,3
U0690,IPHONE_16_128,3
U0690,SAMSUNG_S24,4
U0691,IPHONE_16_256,3
U0691,ONEPLUS_13,5
U0692,SONY_HEADPHONES,1
U0692,MACBOOK_AIR_M2,3
U0692,DELL_XPS_13,4
U0693,IPHONE_15_256,2
U0693,IPHONE_16_128,3
U0693,ONEPLUS_13,2
U0693,MACBOOK_AIR_M2,4
U0694,AIRPODS_PRO,4
U0694,ONEPLUS_13,4
U0694,MACBOOK_AIR_M2,2
U0694,IPHONE_15_128,1
U0695,AIRPODS_PRO,1
U0695,SAMSUNG_S24,2
U0695,DELL_XPS_13,4
U0695,ONEPLUS_13,3
U0696,DELL_XPS_13,4
U0696,IPHONE_15_128,3
U0697,IPHONE_16_128,4
U0697,SAMSUNG_S24,5
U0697,AIRPODS_PRO,5
U0697,MACBOOK_AIR_M2,4
U0697,ONEPLUS_13,2
U0698,SAMSUNG_S24,4
U0698,MACBOOK_AIR_M2,1
U0698,SONY_HEADPHONES,5
U0698,AIRPODS_PRO,2
U0698,IPHONE_15_256,4
U0699,IPHONE_16_128,3
U0699,SONY_HEADPHONES,1
U0699,SAMSUNG_S24,3
U0699,MACBOOK_AIR_M2,3
U0699,IPHONE_15_256,2
U0700,IPHONE_15_256,3
U0700,ONEPLUS_13,4
U0700,IPHONE_16_128,1
U0701,IPHONE_16_128,1
U0701,MACBOOK_AIR_M2,2
U0701,IPHONE_16_256,5
U0701,DELL_XPS_13,4
U0701,IPHONE_15_128,4
U0702,MACBOOK_AIR_M2,2
U0702,SAMSUNG_S24,4
U0702,IPHONE_16_128,1
U0703,IPHONE_15_128,4
U0703,MACBOOK_AIR_M2,2
U0703,DELL_XPS_13,3
U0704,MACBOOK_AIR_M2,2
U0704,IPHONE_15_128,3
U0704,IPHONE_16_256,3
U0705,IPHONE_15_128,1
U0705,IPHONE_15_256,1
U0705,IPHONE_16_128,1
U0705,SAMSUNG_S24,2
U0705,MACBOOK_AIR_M2,5
U0706,ONEPLUS_13,5
U0706,SONY_HEADPHONES,4
U0706,SAMSUNG_S24,4
U0707,IPHONE_15_256,1
U0707,IPHONE_16_256,3
U0707,IPHONE_16_128,4
U0707,AIRPODS_PRO,4
U0708,IPHONE_16_128,2
U0708,IPHONE_16_256,4
U0708,SAMSUNG_S24,3
U0708,IPHONE_15_256,5
U0709,SONY_HEADPHONES,3
U0709,DELL_XPS_13,5
U0710,IPHONE_16_128,2
U0710,IPHONE_15_128,4
U0710,MACBOOK_AIR_M2,1
U0710,IPHONE_15_256,3
U0711,SAMSUNG_S24,2
U0711,IPHONE_16_128,3
U0711,IPHONE_15_128,5
U0711,IPHONE_16_256,1
U0711,IPHONE_15_256,3
U0712,SONY_HEADPHONES,4
U0712,AIRPODS_PRO,1
U0713,IPHONE_16_128,4
U0713,AIRPODS_PRO,1
U0713,IPHONE_15_256,5
U0714,SONY_HEADPHONES,4
U0714,IPHONE_15_128,2
U0714,ONEPLUS_13,2
U0714,IPHONE_15_256,4
U0715,DELL_XPS_13,5
U0715,SONY_HEADPHONES,4
U0715,AIRPODS_PRO,5
U0716,IPHONE_15_128,5
U0716,SONY_HEADPHONES,2
U0716,MACBOOK_AIR_M2,4
U0716,ONEPLUS_13,5
U0716,AIRPODS_PRO,4
U0717,IPHONE_15_128,4
U0717,SONY_HEADPHONES,2
U0717,SAMSUNG_S24,5
U0717,DELL_XPS_13,1
U0718,IPHONE_16_256,3
U0718,IPHONE_15_128,3
U0718,ONEPLUS_13,5
U0719,SAMSUNG_S24,4
U0719,ONEPLUS_13,2
U0719,SONY_HEADPHONES,1
U0719,MACBOOK_AIR_M2,3
U0720,ONEPLUS_13,2
U0720,IPHONE_15_128,4
U0721,DELL_XPS_13,4
U0721,AIRPODS_PRO,3
U0721,IPHONE_16_256,3
U0721,SAMSUNG_S24,4
U0721,IPHONE_15_128,1
U0722,SONY_HEADPHONES,1
U0722,IPHONE_15_256,1
U0723,IPHONE_16_256,3
U0723,SAMSUNG_S24,5
U0724,IPHONE_15_256,3
U0724,AIRPODS_PRO,4
U0724,IPHONE_16_256,5
U0724,IPHONE_15_128,3
U0725,DELL_XPS_13,1
U0725,IPHONE_16_128,3
U0725,IPHONE_16_256,4
U0725,SONY_HEADPHONES,2
U0726,IPHONE_16_256,3
U0726,SAMSUNG_S24,5
U0726,SONY_HEADPHONES,4
U0726,MACBOOK_AIR_M2,5
U0727,IPHONE_15_256,3
U0727,SONY_HEADPHONES,4
U0727,DELL_XPS_13,3
U0728,IPHONE_15_256,3
U0728,MACBOOK_AIR_M2,3
U0729,IPHONE_15_128,3
U0729,ONEPLUS_13,3
U0729,DELL_XPS_13,4
U0729,IPHONE_16_128,3
U0730,IPHONE_16_256,3
U0730,IPHONE_15_128,2
U0730,IPHONE_15_256,2
U0731,IPHONE_16_256,1
U0731,AIRPODS_PRO,2
U0732,IPHONE_15_128,5
U0732,SAMSUNG_S24,5
U0732,MACBOOK_AIR_M2,1
U0732,IPHONE_16_128,2
U0732,IPHONE_16_256,5
U0733,IPHONE_16_256,3
U0733,IPHONE_16_128,5
U0733,MACBOOK_AIR_M2,2
U0734,IPHONE_15_256,3
U0734,DELL_XPS_13,4
U0734,IPHONE_15_128,1
U0734,AIRPODS_PRO,2
U0734,SONY_HEADPHONES,3
U0735,ONEPLUS_13,2
U0735,IPHONE_16_128,5
U0735,IPHONE_16_256,2
U0735,DELL_XPS_13,4
U0736,IPHONE_15_256,4
U0736,DELL_XPS_13,4
U0737,SONY_HEADPHONES,4
U0737,IPHONE_15_256,1
U0737,AIRPODS_PRO,4
U0737,IPHONE_16_256,3
U0737,ONEPLUS_13,2
U0738,IPHONE_16_256,4
U0738,ONEPLUS_13,1
U0739,IPHONE_15_256,5
U0739,SAMSUNG_S24,4
U0739,DELL_XPS_13,5
U0740,SONY_HEADPHONES,4
U0740,IPHONE_15_256,3
U0740,AIRPODS_PRO,5
U0740,IPHONE_15_128,4
U0740,IPHONE_16_256,4
U0741,MACBOOK_AIR_M2,5
U0741,IPHONE_15_256,2
U0741,IPHONE_16_256,2
U0741,SONY_HEADPHONES,3
U0741,IPHONE_15_128,3
U0742,IPHONE_16_256,1
U0742,IPHONE_15_128,4
U0742,AIRPODS_PRO,3
U0742,ONEPLUS_13,4
U0742,SAMSUNG_S24,3
U0743,AIRPODS_PRO,3
U0743,DELL_XPS_13,3
U0743,SONY_HEADPHONES,2
U0743,ONEPLUS_13,1
U0743,IPHONE_16_256,2
U0744,ONEPLUS_13,4
U0744,AIRPODS_PRO,3
U0744,SAMSUNG_S24,4
U0745,SAMSUNG_S24,3
U0745,IPHONE_15_256,3
U0746,SAMSUNG_S24,2
U0746,IPHONE_15_256,1
U0746,IPHONE_16_256,4
U0746,IPHONE_15_128,4
U0746,ONEPLUS_13,5
U0747,SONY_HEADPHONES,3
U0747,SAMSUNG_S24,2
U0747,AIRPODS_PRO,2
U0748,SAMSUNG_S24,5
U0748,IPHONE_15_256,4
U0749,IPHONE_15_128,5
U0749,MACBOOK_AIR_M2,4
U0749,IPHONE_16_128,2
U0749,ONEPLUS_13,4
U0750,ONEPLUS_13,4
U0750,MACBOOK_AIR_M2,2
U0750,IPHONE_15_256,3
U0750,IPHONE_16_256,4
U0750,SONY_HEADPHONES,5
U0751,IPHONE_15_256,3
U0751,IPHONE_15_128,2
U0751,ONEPLUS_13,2
U0751,DELL_XPS_13,3
U0752,SAMSUNG_S24,2
U0752,SONY_HEADPHONES,4
U0752,IPHONE_15_256,4
U0753,DELL_XPS_13,3
U0753,SONY_HEADPHONES,1
U0753,SAMSUNG_S24,3
U0753,ONEPLUS_13,3
U0753,AIRPODS_PRO,1
U0754,AIRPODS_PRO,3
U0754,ONEPLUS_13,3
U0754,SONY_HEADPHONES,1
U0754,IPHONE_16_128,1
U0754,SAMSUNG_S24,4
U0755,IPHONE_16_256,2
U0755,IPHONE_16_128,3
U0755,AIRPODS_PRO,3
U0755,ONEPLUS_13,2
U0756,IPHONE_16_128,1
U0756,IPHONE_16_256,4
U0756,ONEPLUS_13,2
U0756,IPHONE_15_128,3
U0757,SONY_HEADPHONES,2
U0757,IPHONE_15_256,3
U0757,IPHONE_16_256,3
U0758,IPHONE_16_128,2
U0758,MACBOOK_AIR_M2,2
U0759,ONEPLUS_13,4
U0759,DELL_XPS_13,2
U0759,IPHONE_15_256,4
U0759,MACBOOK_AIR_M2,3
U0760,IPHONE_15_256,4
U0760,IPHONE_16_256,5
U0760,MACBOOK_AIR_M2,5
U0760,DELL_XPS_13,2
U0761,SONY_HEADPHONES,1
U0761,SAMSUNG_S24,2
U0761,MACBOOK_AIR_M2,3
U0762,AIRPODS_PRO,5
U0762,ONEPLUS_13,1
U0762,IPHONE_16_256,4
U0762,SAMSUNG_S24,4
U0762,DELL_XPS_13,2
U0763,IPHONE_16_256,4
U0763,ONEPLUS_13,4
U0763,IPHONE_16_128,2
U0763,SAMSUNG_S24,4
U0763,SONY_HEADPHONES,2
U0764,IPHONE_16_128,4
U0764,IPHONE_16_256,1
U0764,SAMSUNG_S24,2
U0764,AIRPODS_PRO,2
U0764,IPHONE_15_256,1
U0765,ONEPLUS_13,1
U0765,IPHONE_15_256,3
U0765,SAMSUNG_S24,5
U0765,DELL_XPS_13,4
U0766,DELL_XPS_13,1
U0766,SONY_HEADPHONES,5
U0766,IPHONE_16_128,5
U0767,ONEPLUS_13,4
U0767,AIRPODS_PRO,2
U0767,IPHONE_15_256,4
U0767,IPHONE_16_128,5
U0768,DELL_XPS_13,3
U0768,MACBOOK_AIR_M2,2
U0768,SONY_HEADPHONES,4
U0769,IPHONE_15_256,3
U0769,MACBOOK_AIR_M2,2
U0769,IPHONE_16_256,5
U0770,SONY_HEADPHONES,5
U0770,AIRPODS_PRO,1
U0771,SONY_HEADPHONES,3
U0771,MACBOOK_AIR_M2,4
U0772,SAMSUNG_S24,4
U0772,AIRPODS_PRO,4
U0773,IPHONE_15_128,3
U0773,SAMSUNG_S24,1
U0773,MACBOOK_AIR_M2,3
U0773,AIRPODS_PRO,5
U0774,IPHONE_15_128,4
U0774,IPHONE_16_128,4
U0775,DELL_XPS_13,2
U0775,IPHONE_15_128,1
U0775,IPHONE_16_256,3
U0775,SAMSUNG_S24,4
U0776,IPHONE_15_128,4
U0776,ONEPLUS_13,3
U0776,IPHONE_15_256,3
U0776,DELL_XPS_13,5
U0777,IPHONE_15_128,2
U0777,SONY_HEADPHONES,4
U0777,IPHONE_16_256,2
U0777,MACBOOK_AIR_M2,3
U0778,SONY_HEADPHONES,2
U0778,IPHONE_16_128,3
U0778,SAMSUNG_S24,1
U0778,DELL_XPS_13,1
U0779,SONY_HEADPHONES,3
U0779,ONEPLUS_13,2
U0779,IPHONE_16_256,5
U0779,IPHONE_15_256,1
U0780,IPHONE_16_256,3
U0780,AIRPODS_PRO,3
U0781,IPHONE_15_256,4
U0781,MACBOOK_AIR_M2,2
U0781,IPHONE_15_128,2
U0782,IPHONE_16_128,2
U0782,IPHONE_15_128,3
U0782,IPHONE_15_256,3
U0782,IPHONE_16_256,4
U0782,DELL_XPS_13,2
U0783,IPHONE_15_128,4
U0783,SONY_HEADPHONES,2
U0783,MACBOOK_AIR_M2,5
U0784,MACBOOK_AIR_M2,3
U0784,IPHONE_15_128,2
U0784,SONY_HEADPHONES,3
U0784,IPHONE_16_128,3
U0784,DELL_XPS_13,4
U0785,IPHONE_15_128,5
U0785,DELL_XPS_13,4
U0785,MACBOOK_AIR_M2,4
U0785,ONEPLUS_13,2
U0785,SONY_HEADPHONES,1
U0786,AIRPODS_PRO,5
U0786,IPHONE_15_128,5
U0786,SAMSUNG_S24,5
U0786,ONEPLUS_13,4
U0787,ONEPLUS_13,1
U0787,DELL_XPS_13,2
U0787,SAMSUNG_S24,4
U0788,IPHONE_16_256,4
U0788,MACBOOK_AIR_M2,3
U0788,AIRPODS_PRO,1
U0789,MACBOOK_AIR_M2,4
U0789,IPHONE_16_128,1
U0789,AIRPODS_PRO,2
U0790,AIRPODS_PRO,5
U0790,IPHONE_15_128,2
U0790,IPHONE_15_256,5
U0790,DELL_XPS_13,2
U0790,IPHONE_16_256,2
U0791,DELL_XPS_13,3
U0791,IPHONE_16_128,2
U0791,IPHONE_16_256,3
U0791,IPHONE_15_256,4
U0792,MACBOOK_AIR_M2,5
U0792,IPHONE_16_128,3
U0793,SONY_HEADPHONES,1
U0793,IPHONE_16_256,3
U0793,IPHONE_15_128,4
U0793,IPHONE_16_128,3
U0794,SONY_HEADPHONES,4
U0794,IPHONE_15_256,4
U0794,AIRPODS_PRO,4
U0794,IPHONE_16_256,2
U0795,IPHONE_16_256,2
U0795,IPHONE_16_128,4
U0796,AIRPODS_PRO,3
U0796,MACBOOK_AIR_M2,2
U0797,MACBOOK_AIR_M2,2
U0797,IPHONE_15_128,4
U0797,SONY_HEADPHONES,4
U0797,AIRPODS_PRO,4
U0797,ONEPLUS_13,4
U0798,AIRPODS_PRO,1
U0798,SAMSUNG_S24,1
U0798,IPHONE_15_256,4
U0798,IPHONE_16_256,3
U0798,SONY_HEADPHONES,3
U0799,MACBOOK_AIR_M2,3
U0799,IPHONE_15_128,4
U0799,ONEPLUS_13,2
U0800,IPHONE_16_128,2
U0800,IPHONE_15_256,4
U0800,SAMSUNG_S24,5
U0800,AIRPODS_PRO,1
